username,promedio_sentiment,nombre_tw,location,description,followers_count,geo_location,PARTIDO_COALICION,ENTIDAD,NOMBRE_CANDIDATO,EDAD
armandocoronaa,1.0,Armando Corona Arvizu,"Ixtapaluca, M√©xico",Diputado Federal Electo Distrito 12.Trabajando por el medio ambiente y la Juventud‚ùá licenciado en Derecho.‚ù§,127,True ,JUNTOS HACEMOS HISTORIA,M√âXICO,ARMANDO CORONA ARVIZU,25
armandoga26,1.0,Armando Garc√≠a Avenda√±o,"Ajalpan, Puebla",Diputado Local,1179,True ,VA POR MEXICO,PUEBLA,JOSE ARMANDO GARCIA AVENDA√ëO,59
auguscarlos40,1.0,Carlos Augusto P√©rez,"Tlaxcala, M√©xico","ü§ìPolit√≥logo y servidor p√∫blico con profundo amor a Tlaxcala‚ù§Ô∏è, a quien le he dedicado m√°s de 20 a√±os de trabajo por el bienestar de todos los tlaxcaltecas.ü§ó",74,False ,MORENA,TLAXCALA,CARLOS AUGUSTO PEREZ HERNANDEZ,44
blancaeppenc,1.0,Blanca Eppen Canales,"Torre√≥n, Coahuila. M√©xico.","Diputada Local por el distrito X en @CongresoDeCoah, militante en @AccionNacional.",136,True ,PARTIDO ACCI√ìN NACIONAL,NACIONAL,BLANCA EPPEN CANALES,71
castellomujeres,-1.0,Claudia Castello,,"Soci√≥loga por la UNAM, Feminista y Dem√≥crata. Integrante de Mujeres en Plural, 50+1 y Frente Feminista Nacional. Vicecoordinadora Nacional de Nueva Izquierda",2480,True ,PARTIDO DE LA REVOLUCI√ìN DEMOCR√ÅTICA,NACIONAL,CLAUDIA CASTELLO REBOLLAR,48
cquintanamtz,1.0,Carlos quintana,"Morelia, Michoac√°n de Ocampo","Soy un enamorado de Morelia, de su historia y de su gente, Desde la funci√≥n p√∫blica he luchado siempre para cambiar la historia de Michoac√°n",1302,True ,VA POR MEXICO,MICHOAC√ÅN,CARLOS HUMBERTO QUINTANA MARTINEZ,41
cesaragustinh,1.0,C√©sar Agust√≠n Hern√°ndez,"Chicoloapan, M√©xico",Sirvo a mi pa√≠s üá≤üáΩ,401,False ,JUNTOS HACEMOS HISTORIA,M√âXICO,CESAR AGUSTIN HERNANDEZ PEREZ,41
chepi_org,0.0,Azael Santiago Chepi,"Oaxaca, M√©xico","Soy un hombre originario de la Sierra Norte de OaxacaüèîÔ∏èüóª, Diputado üë®üèæ‚Äçüè´ del Distrito Federal 04, con cabecera en Tlacolula de Matamoros.üôã‚Äç‚ôÇÔ∏è",4308,True ,JUNTOS HACEMOS HISTORIA,OAXACA,AZAEL SANTIAGO CHEPI,43
ciudadanochingn,0.0,Isauro Ali,"Puebla, M√©xico.","ARTISTA CHING√ìN / Candidato a Diputado Federal Distrito 09 üß°üèÉ‚Äç‚ôÇÔ∏è, campe√≥n de barrios bax ü•ä ü•á üá≤üáΩ",211,True ,MOVIMIENTO CIUDADANO,PUEBLA,ISAURO ALI LOPEZ GUTIERREZ,35
claunaval,-1.0,Claudia Nava S.,,"Mi pasi√≥n mi profesi√≥n,    Mi convicci√≥n la Educaci√≥n.",21,False ,REDES SOCIALES PROGRESISTAS,NACIONAL,CLAUDIA LUCIA NAVA SERRANO,51
dansantosmx,-1.0,Dan Santos,"Monterrey, M√©xico","Comunicador, que no periodista.  Graduado en Ciencias Jur√≠dicas.  Pol√≠tica y DDHH con una pizca de memes y herej√≠as.",4660,True ,PARTIDO DE LA REVOLUCI√ìN DEMOCR√ÅTICA,NUEVO LE√ìN,DANIEL SANTOS RODRIGUEZ,43
diegoalanisa,0.0,Diego Alanis,"Azcapotzalco, Distrito Federal",Politol√≥go FCPyS| Originario de Azcapotzalco.,1174,False ,MORENA,NACIONAL,DIEGO ALANIS AGUILAR,26
diegodelbosquev,-1.0,Diego del Bosque,"Saltillo, Coahuila de Zaragoza",Ingeniero Agr√≥nomo en Desarrollo Rural. Trabajaba de multiusos en un Bar de Saltillo.,28258,True ,JUNTOS HACEMOS HISTORIA,COAHUILA,DIEGO EDUARDO DEL BOSQUE VILLARREAL,31
dulcero_ovando,1.0,Dulce Rodr√≠guez Ovando,"Pichucalco, Chiapas",,840,True ,PARTIDO VERDE ECOLOGISTA DE M√âXICO,CHIAPAS,DULCE MARIA RODRIGUEZ OVANDO,46
edgaralvar,1.0,Edgar Hern√°ndez Alvar,"Acapulco de Ju√°rez, Guerrero",CANDIDATO A DIPUTADO FEDERAL DEL DISTRITO 04 POR EL PARTIDO VERDE ECOLOGISTA DE M√âXICO.,885,True ,PARTIDO VERDE ECOLOGISTA DE M√âXICO,GUERRERO,EDGAR HERNANDEZ ALVAR,47
gabrielabarquet,0.0,Gabriela Barquet J,"Quintana Roo, M√©xico","Con car√°cter por convicci√≥n, decidida, positiva, trabajadora por inclinaci√≥n; adoro sonreir ante la vida, siempre inicio por mi. Pasi√≥n: politica y emprender.",2679,True ,FUERZA POR M√âXICO,QUINTANA ROO,GABRIELA ANDREA BARQUET JUAREZ,36
gabyevia,1.0,Gaby Evia,,Soy abogada y activista. Sue√±o con una revoluci√≥n sostenible para Mexico üåé Secretaria de Medio Ambiente de @fuerzaxmexico,423,True ,FUERZA POR M√âXICO,NACIONAL,GABRIELA EVIA MUNGUIA,33
gabygoldsmith,1.0,Gabriela Goldsmith,"M√©xico, D.F.",Enlace de Prevenci√≥n del Delito/Direcci√≥n Gral. de Seguridad Ciudadana y T. M. de Naucalpan| C. a Dra. en IRS | Actriz,21856,True ,MORENA,M√âXICO,RUTH GABRIELA GOLDSCHMIED GUASCH,60
gerardo_penaf,1.0,Gerardo Pe√±a,"Reynosa Tamaulipas, M√©xico",Diputado Local de Reynosa Tamaulipas por la LXIV Legislatura en el @CongresoTams. Siempre Cerca de Ti. #GP,3652,False ,PARTIDO ACCI√ìN NACIONAL,TAMAULIPAS,GERARDO PE√ëA FLORES,51
gperomanavila,1.0,Guadalupe Rom√°n √Åvila,"Ecatepec de Morelos, M√©xico","Candidata a Diputada Federal de Morena por el Distrito XVII de Ecatepec, Estado de M√©xico.",703,True ,MORENA,M√âXICO,MARIA GUADALUPE ROMAN AVILA,48
hecmaldonado17,1.0,H√©ctor Maldonado San Germ√°n,,Ciudadano comprometido con mejorar la calidad de vida de los mexicanos.,66,False ,JUNTOS HACEMOS HISTORIA,CIUDAD DE M√âXICO,HECTOR MALDONADO SAN GERMAN,51
hildalaura14,1.0,Hilda Laura V√°zquez,M√©xico D. F.,"Alegre, emprendedora, enamorada de la vida y disfrutando cada d√≠a!",420,True ,MOVIMIENTO CIUDADANO,CIUDAD DE M√âXICO,HILDA LAURA VAZQUEZ VILLANUEVA,48
iztapalapava,0.0,Va X Iztaplapa,Iztapalapa,"Los colores cambian, el coraz√≥n y la convicci√≥n No, vamos por el Distrito 4 de Iztapalapa, Va por M√©xico.",1314,False ,VA POR MEXICO,CIUDAD DE M√âXICO,LUCIANO JIMENO HUANOSTA,62
jgerardoruizd,1.0,Gerardo Ruiz,,"Orgullosamente Talense, padre de familia, comerciante y agricultor.",99,True ,MOVIMIENTO CIUDADANO,JALISCO,JUAN GERARDO RUIZ DELGADO,40
javierherreramx,0.0,Javier Herrera Borunda,"Veracruz, M√©xico",Delegado Nacional del @partidoverdemex en #Veracruz. Articulista en @ElDictamen. ¬°Orgullosamente jarocho!,15739,True ,PARTIDO VERDE ECOLOGISTA DE M√âXICO,NACIONAL,JAVIER OCTAVIO HERRERA BORUNDA,40
javier_hidalgo,1.0,Javier Hidalgo,Ciudad de M√©xico DF,Arquitecto Ciclista Morena de ‚ô•Ô∏è Diputado Federal,18933,True ,JUNTOS HACEMOS HISTORIA,CIUDAD DE M√âXICO,JAVIER ARIEL HIDALGO PONCE,61
jorgecanul11,-0.5,Jorge Canul,,Licenciado en negocios internacionales,303,False ,MOVIMIENTO CIUDADANO,NACIONAL,JORGE EDUARDO CANUL QUERO,29
karrojodelavega,1.0,Karla Rojo de la Vega Mota Velasco,Miguel Hidalgo,Escritora y artista |Secretaria General Nacional de @FuerzaXMexico. Maestra en Administraci√≥n P√∫blica | Humanista #Pol√≠ticaConsciente,4283,True ,FUERZA POR M√âXICO,NACIONAL,KARLA ROJO DE LA VEGA MOTA VELASCO,36
karlamedinacon1,1.0,Karla Paola Medina,,"Ciudadana. Empresaria. Lic. en Ciencias de la Comunicaci√≥n, Maestra en Imagen P√∫blica, Productora, Directora de Cine. Activista de las causas sociales.",173,True ,MOVIMIENTO CIUDADANO,YUCAT√ÅN,KARLA PAOLA MEDINA CONTRERAS,42
kathiabolio,1.0,Kathia Bolio Pinelo,"M√©rida, Yucat√°n","Yucateca, Mam√° de 2, Legisladora, causas humanas y sociales mis motivos para servir a MX. Activista en materia de DDHH y Gpos. Vulnerados.",5353,True ,PARTIDO ACCI√ìN NACIONAL,NACIONAL,KATHIA MARIA BOLIO PINELO,43
laranadialuz,1.0,Nadia Luz Lara,"Morelos, M√©xico","Juzgadora por esencia. Ex presidenta del TSJMorelos y ex candidata a Gobernadora. Apasionada de mi tierra, orgullosa de mis or√≠genes#UnaLuzParaMorelos",1544,True ,FUERZA POR M√âXICO,MORELOS,NADIA LUZ MARIA LARA CHAVEZ,54
liliamerodio,1.0,Lilia Merodio,"Ju√°rez, Chihuahua","Comprometida con nuestro pa√≠s y nuestra gente. Orgullosamente de Ciudad Ju√°rez, Chihuahua. #CiudadJu√°rez",27223,False ,VA POR MEXICO,CHIHUAHUA,LILIA GUADALUPE MERODIO REZA,42
loreniavalles,1.0,Lorenia Valles,"Hermosillo, Sonora",Sonorense ‚Ä¢ Madre y esposa ‚Ä¢ Obradorista y 4T ‚Ä¢ Candidata a diputada federal Dtto. 3 Hermosillo Norte ‚Ä¢ Soy @DiputadosMorena ‚Ä¢ Escribo en @ElSolHermosillo,6990,True ,JUNTOS HACEMOS HISTORIA,SONORA,LORENIA IVETH VALLES SAMPEDRO,44
luischazaro11,-1.0,Luis E. Ch√°zaro,M√©xico,Diputado Federal electo y Coordinador Nacional de Nueva Izquierda. #SomosPRD,32184,True ,PARTIDO DE LA REVOLUCI√ìN DEMOCR√ÅTICA,NACIONAL,LUIS ANGEL XARIEL ESPINOSA CHAZARO,47
lunaalviso,1.0,Rafael Luna Alviso,"Alcald√≠a √Ålvaro Obreg√≥n, CDMX",Hola soy Rafael Luna. Profesor de derecho constitucional en la UNAM,713,False ,FUERZA POR M√âXICO,CIUDAD DE M√âXICO,RAFAEL LUNA ALVISO,63
lupixf,1.0,Lupita Flores,"Fresnillo, Zacatecas","#Diputada #LXIILegislatura #Zacatecas,#Fresnillo Directora #Prevenci√≥n #Godezac,#Pol√≠tica, #Mercad√≥logaPol√≠tica, #Asesora, #Cantante, opiniones personales",3144,True ,FUERZA POR M√âXICO,ZACATECAS,GUADALUPE CELIA FLORES ESCOBEDO,37
memorenooficial,1.0,Maria Elena Moreno,"Nogales, Sonora","Madre de 5, empresaria, y ciudadana proactiva. #Cemefi #SocialmenteResponsable",141,True ,MOVIMIENTO CIUDADANO,SONORA,MARIA ELENA MORENO DURAZO,52
maite_vargasm,1.0,Maite Vargas Meraz,"Chihuahua, M√©xico",Comprometida con mi pa√≠s y el bienestar de los mexicanos. Orgullosamente originaria de Chihuahua. #CentauroParaElMundo üåéüôãüèª‚Äç‚ôÄÔ∏è,1522,True ,JUNTOS HACEMOS HISTORIA,CHIHUAHUA,TERESITA DE JESUS VARGAS MERAZ,31
martinesp_17,1.0,Juan Mart√≠n Espinoza C√°rdenas,,"Diputado Federal Distrito 17, Jal. Electo 3 ocasiones Presidente Mpal. de La Manzanilla de la Paz, Jal. ‚ÄúAmar es entregar la vida entera‚Äù. #ServirlesDeCoraz√≥n",1299,True ,MOVIMIENTO CIUDADANO,JALISCO,JUAN MARTIN ESPINOZA CARDENAS,48
miguelarmentarz,1.0,Miguel √Ångel Armenta,"Sonora, M√©xico",Administrador P√∫blico de profesi√≥n. Apasionado y estudioso de la pol√≠tica.  / La verdad es siempre revolucionaria,1414,True ,PARTIDO DE LA REVOLUCI√ìN DEMOCR√ÅTICA,NACIONAL,MIGUEL ANGEL ARMENTA RAMIREZ,42
mzavalagc,-1.0,Margarita Zavala,M√©xico,"Maestra, Abogada, Madre de Familia y Fan del f√∫tbol americano. Primera Mujer Candidata Independiente a la Presidencia de M√©xico üá≤üáΩ üèà Fundadora de @MexLibre_",1572883,True ,VA POR MEXICO,CIUDAD DE M√âXICO,MARGARITA ESTER ZAVALA GOMEZ DEL CAMPO,53
orlandom_energy,0.0,Orlando Morales,TLAXCALA CunaDeLaNaci√≥n M√âXICO,,111,True ,REDES SOCIALES PROGRESISTAS,NACIONAL,ORLANDO ISAEL MORALES SANCHEZ,36
pesnacionalmx,1.0,Partido Encuentro Solidario,M√©xico,,11860,False ,PARTIDO ENCUENTRO SOLIDARIO,GUANAJUATO,MARTHA LUCIA OLMOS BARRERA,38
ptnacionalmx,1.0,PT M√©xico,"Cuauht√©moc, Distrito Federal",,7390,False ,PARTIDO DEL TRABAJO,M√âXICO,ANNY XARENI VIEYRA CASTRO,32
pane28,-0.5,Pamela Medina,"Oaxaca de Ju√°rez, Oaxaca",,56,False ,PARTIDO DE LA REVOLUCI√ìN DEMOCR√ÅTICA,NACIONAL,DULCE PAMELA MEDINA GUTIERREZ,75
quikesagal,1.0,Enrique S√°nchez,,,13,False ,PARTIDO ENCUENTRO SOLIDARIO,CIUDAD DE M√âXICO,JUAN ENRIQUE SANCHEZ GALVAN,46
rayatanacioluna,1.0,Raymundo Atanacio Luna,Puebla,"Diputado Federal electo de Tepeaca Dtto 7.Amigo, padre de familia y luchador social. Siempre cercano a la gente. #DefendamosJuntosLaEsperanza",2197,True ,JUNTOS HACEMOS HISTORIA,PUEBLA,RAYMUNDO ATANACIO LUNA,51
thelmacoragarza,1.0,Thelma Cora Garza,San Pedro Garza Garc√≠a,Orgullosa madre de 4 hijos üë©‚Äçüë©‚Äçüëß‚Äçüë¶ Activista y luchadora social üôãüèº‚Äç‚ôÄÔ∏è Doctora Honoris Causa üéì Galardonada Mujer L√≠der 2021ü•á,268,True ,MOVIMIENTO CIUDADANO,NUEVO LE√ìN,THELMA CORA GARZA SALINAS,56
villalpandorh,1.0,Villalpando,,üá≤üáΩPresidente de la Comisi√≥n Bicameral del Canal del Congreso | Diputado Federal | Ex Alcalde de Xalapa | Ex Rector de la UV | Instagram: @villalpandorh,478,True ,MORENA,VERACRUZ,RAFAEL HERNANDEZ VILLALPANDO,73
wencesrealpt,0.0,Victoriano Wences,"Tlapa de Comonfort, Guerrero.","Ex Pdte. Mpal. de Tlapa de Comonfort, Guerrero, Comisionado Pol√≠tico Nacional #PT #Guerrero. Ex Dip Federal y Local. Partido del Trabajo. Mtro. Administraci√≥n.",741,False ,JUNTOS HACEMOS HISTORIA,GUERRERO,VICTORIANO WENCES REAL,47
yeseniacarrill,1.0,Yesenia Carrillo,"Saltillo, Coahuila de Zaragoza",,12,False ,PARTIDO ENCUENTRO SOLIDARIO,COAHUILA,YESENIA LOURDES CARRILLO CAMPOS,44
zairamontoyav,1.0,Zaira Montoya,Estado Mexico,#ZairaMontoya,464,True ,VA POR MEXICO,M√âXICO,ZAIRA TAIDE MONTOYA VALENZUELA,35
ana_chvez,0.0,Ana Laura Ch√°vez Velarde,"Guadalajara, Jalisco",Construyendo Ciudadan√≠a. Liberal. Polit√≥loga. Profesora Universitaria,1975,True ,VA POR MEXICO,JALISCO,ANA LAURA CHAVEZ VELARDE,49
angelandariego1,1.0,@angelandariego Angel Dominguez Escobar,,ingeniero Agr√≥nomo Egresado del Instituto Tecnol√≥gico de La Cuenca del Papaloapan,168,False ,JUNTOS HACEMOS HISTORIA,OAXACA,ANGEL DOMINGUEZ ESCOBAR,42
carmenjoaquinmx,1.0,Carmen Joaqu√≠n,Caribe Mexicano,Empresaria. Mam√° de 3. Quintanarroense üíõüíô‚ù§Ô∏è ExPresidente CPMX. Lic. en Adm√≥n. y Mtra. Comercio y Negocios Intl. Karateka y Pamboler√≠sima. S√≠ Por M√©xico!,7775,False ,PARTIDO DE LA REVOLUCI√ìN DEMOCR√ÅTICA,NACIONAL,MARIA DEL CARMEN JOAQUIN HERNANDEZ,46
chavaespina3,1.0,Jos√© Salvador Espina,"Puebla, M√©xico",Cat√≥licoüáªüá¶,Mexicano üá≤üáΩ, Polit√≥logo @UPAEP,PARTIDO ACCI√ìN NACIONAL,NACIONAL,JOSE SALVADOR ESPINA GARZON,23
chavarosasmx,1.0,Chava Rosas,,Diputado Federal de Nuevo Laredo Tamaulipas,2175,True ,PARTIDO ACCI√ìN NACIONAL,TAMAULIPAS,JOSE SALVADOR ROSAS QUINTANILLA,60
dano_montoya,0.0,üá≤üáΩDaniel Montoya.,"Coacalco de Berrioz√°bal, M√©xic","Creo que la vida es una obra de arte y cada quien hace su propia, √∫nica y original obra. #DamosMasJuntos",554,True ,REDES SOCIALES PROGRESISTAS,M√âXICO,DANIEL MONTOYA JAIMES,36
ednasosaj,0.0,Edna Sosa,Tlalnepantla,"Mam√° de 2 ni√±os hermosos, preocupada y ocupada en construir un M√©xico mejor, m√°s justo y prospero.",822,True ,PARTIDO DE LA REVOLUCI√ìN DEMOCR√ÅTICA,M√âXICO,EDNA VALERIA SOSA JUAREZ,38
elorza27,0.0,Dip federal jose luis elorza,"Tapachula, Chiapas",Diputado Federal por el Distrito 12 de Chiapas.,83,True ,MORENA,CHIAPAS,JOSE LUIS ELORZA FLORES,48
es_iztacalco,0.5,Emilio Serrano,,,499,True ,FUERZA POR M√âXICO,CIUDAD DE M√âXICO,EMILIO SERRANO JIMENEZ,63
gisellehdezgar,-1.0,giselle,,,344,True ,PARTIDO ENCUENTRO SOLIDARIO,CIUDAD DE M√âXICO,GISELLE HERNANDEZ GARCIA,44
hugo_murillor,-1.0,HugoMurillor,,"abogado, fil√°ntropo, aficionado a la lectura, comprometido con causas sociales",18,True ,PARTIDO VERDE ECOLOGISTA DE M√âXICO,M√âXICO,HUGO MURILLO RAMIREZ,42
javierperezmc,0.5,Javier P√©rez Ram√≠rez,"Tabasco, M√©xico",Lic. en Ciencias Pol√≠ticas y Admon. P√∫blica. Universidad de Monterrey (UDEM). Ex candidato a Diputado Federal IV Distrito. Tabasque√±o,617,True ,MOVIMIENTO CIUDADANO,TABASCO,JAVIER ALEJANDRO PEREZ RAMIREZ,36
joannaftorres,-1.0,Joanna F. Torres,Estado de M√©xico,"Diputada Federal electa por Cuautitl√°n Izcalli, Estado de M√©xico.",2097,False ,VA POR MEXICO,M√âXICO,JOANNA ALEJANDRA FELIPE TORRES,36
jorgeromerogto,0.5,JORGE ROMERO,"IRAPUATO, GTO.",#Irapuatoüçì #Silaoüó≥ Diputado Federal Electo üéñ1 r√©cord guinnessüá≤üáΩConsejero Nacional de @accionnacional,5086,True ,PARTIDO ACCI√ìN NACIONAL,GUANAJUATO,JORGE ALBERTO ROMERO VAZQUEZ,34
julioc_moreno,1.0,JULIO CESAR MORENO,MEXICO,Hombre comprometido por mejorar la calidad de vida de los habitantes de Venustiano Carranza. Diputado Federal Electo.,19220,True ,MORENA,NACIONAL,JULIO CESAR MORENO RIVERA,50
liliaaguilarmx,-1.0,Lilia Aguilar Gil,M√©xico,"Diputada Federal Electa por el Distrito 03 en Ciudad Ju√°rez üë©üèª‚ÄçüíºSoy una mujer de opini√≥n, progresista impasible e hiperactiva #GraciasPorVotarPT",2815,True ,JUNTOS HACEMOS HISTORIA,CHIHUAHUA,LILIA AGUILAR GIL,43
mao_2108,1.0,Miguel Angel Ordu√±o,Los Mochis Sinaloa,"Collect as much happiness as possible and don't waste it, because in the days of sadness you'll need it...",128,True ,REDES SOCIALES PROGRESISTAS,SINALOA,MIGUEL ANGEL ORDU√ëO TORRES,51
mmiguelcarrillo,1.0,Mario Miguel Carrillo,,"Triatleta de afici√≥n, tenista de coraz√≥n, fan√°tico del cine y lector ocasional. La Pol√≠tica mi pasi√≥n | PhD en Desarrollo, Medio Ambiente y Territorio",1185,True ,JUNTOS HACEMOS HISTORIA,PUEBLA,MARIO MIGUEL CARRILLO CUBILLAS,39
mnelav,1.0,Marianela Villanueva,"San Luis Potos√≠, S.L.P.","Psic√≥loga, Dra en Educaci√≥n üë©üèª‚Äçüè´ Mujer y madre ‚ù§ #SLP Correr üèÉüèª‚Äç‚ôÄÔ∏è y leer üìö mis grandes gustos",10463,True ,VA POR MEXICO,SAN LUIS POTOS√ç,MARIANELA VILLANUEVA PONCE,49
molanomx,1.0,Carlos Molano,"Tuxtla Guti√©rrez, Chiapas",Presidente Municipal de Tuxtla Guti√©rrez. 2018,1723,True ,VA POR MEXICO,CHIAPAS,CARLOS MOLANO ROBLES,51
pimaxxi,1.0,Horacio Echavarr√≠a Gonz√°lez,Chihuahua,,132,True ,FUERZA POR M√âXICO,NACIONAL,HORACIO ECHAVARRIA GONZALEZ,58
sapcdpue,1.0,Sria. Discapacidad,,Secretaria de Atenci√≥n a Personas con Discapacidad PRI Puebla,1005,True ,PARTIDO REVOLUCIONARIO INSTITUCIONAL,NACIONAL,MARTHA CORONA ESPINOSA,62
scheimanflores,1.0,Javier Scheiman,"Canc√∫n, Quintana Roo",RRII en la An√°huac , Mis causas en @MovCiudadanoMX , Mis letras en Altavoz MX y Acontecer QR ,MOVIMIENTO CIUDADANO,NACIONAL,JAVIER SCHEIMAN FLORES,21
stuardollamas,0.5,Stuardo Llamas,"Quer√©taro, Quer√©taro Arteaga",#GallosBlancos #Raiders Capit√°n del Black Side,4802,True ,FUERZA POR M√âXICO,QUER√âTARO,RAMON STUARDO LLAMAS SERVIN,46
yola_guerrerob,1.0,Yolanda Guerrero,"Zamora, Michoac√°n de Ocampo","Candidata a Diputada Federal. Michoacana, madre y luchadora social, transformando a M√©xico.",371,False ,MORENA,MICHOAC√ÅN,YOLANDA GUERRERO BARRERA,57
