username,Numero_tuits,score,nombre_tw,location,description,followers_count,geo_location,PARTIDO_COALICION,ENTIDAD,NOMBRE_CANDIDATO,EDAD
g_quadri,79,100.0,Gabriel Quadri,M√©xico,"Ingeniero Civil, Economista, Ambientalista, Badmintonista, Necaxista, partidario de un M√©xico pr√≥spero, moderno, seguro y sustentable",265720,True ,VA POR MEXICO,CIUDAD DE M√âXICO,GABRIEL RICARDO QUADRI DE LA TORRE,66
ptnacionalmx,72,91.13924050632912,PT M√©xico,"Cuauht√©moc, Distrito Federal",,7390,False ,PARTIDO DEL TRABAJO,M√âXICO,ANNY XARENI VIEYRA CASTRO,32
lamelgar,36,45.56962025316456,Luis Armando Melgar,"Chiapas, M√©xico",Desde 2012 hemos trabajado para construir un #ChiapasProductivo y hoy nos sumamos para hacer juntos una nueva historia.,20369,True ,JUNTOS HACEMOS HISTORIA,CHIAPAS,LUIS ARMANDO MELGAR BRAVO,54
pepeestefang,31,39.24050632911392,Pepe Estefan G,"Ciudad Ixtepec, Oaxaca",Diputado Federal Electo por el Distrito 07 en #Oaxaca. Dirigente del @partidoverde_oa.,2450,True ,JUNTOS HACEMOS HISTORIA,OAXACA,JOSE ANTONIO ESTEFAN GILLESSEN,34
arturoboni,23,29.11392405063291,Arturo B de la Garza Garza,"Nuevo Le√≥n, M√©xico",Diputado LXXV Legislatura üá≤üáΩ‚úåüèª‚ôªÔ∏èüåéüß°,670,False ,MOVIMIENTO CIUDADANO,NACIONAL,ARTURO BONIFACIO DE LA GARZA GARZA,33
manuel_rdgn,20,25.31645569620253,Manuel Rodr√≠guez Gonz√°lez,"Villahermosa, Tabasco. M√©xico","Abogado, pol√≠tico mexicano progresista; constructor, fundador y militante de Morena; comprometido con la 4T. Dip. Fed. Centro Tabasco; Pdte. Comisi√≥n de Energ√≠a",8138,True ,MORENA,TABASCO,MANUEL RODRIGUEZ GONZALEZ,54
maelenalimon_,19,24.050632911392405,Mar√≠a Elena Lim√≥n,San Pedro Tlaquepaque,"Soy una mujer orgullosamente de Tlaquepaque, lugar que me ha visto crecer. As√≠ como t√∫, quiero un mejor lugar para vivir.",16057,False ,MOVIMIENTO CIUDADANO,NACIONAL,MARIA ELENA LIMON GARCIA,58
marcocarrt,19,24.050632911392405,Marco Carrasco,"San Juan Bautista Cuicatl√°n, O","Oaxaque√±o, ingeniero, trabajo por mi comunidad, su patrimonio natural y el bienestar de su gente. Coordinador en @bioscuicatlan",970,True ,VA POR MEXICO,OAXACA,MARCO ARTURO CARRASCO TENA,25
catymonreal_,19,24.050632911392405,Caty Monreal,,Madre y esposa | Licenciada en Derecho y Maestra en Pol√≠ticas P√∫blicas | Activista y Luchadora Social | Feminista,1972,False ,FUERZA POR M√âXICO,NACIONAL,ELDAA CATALINA MONREAL PEREZ,34
martinesp_17,19,24.050632911392405,Juan Mart√≠n Espinoza C√°rdenas,,"Diputado Federal Distrito 17, Jal. Electo 3 ocasiones Presidente Mpal. de La Manzanilla de la Paz, Jal. ‚ÄúAmar es entregar la vida entera‚Äù. #ServirlesDeCoraz√≥n",1299,True ,MOVIMIENTO CIUDADANO,JALISCO,JUAN MARTIN ESPINOZA CARDENAS,48
pvemtabasco,19,24.050632911392405,PVEMTABASCO,,,4303,True ,PARTIDO VERDE ECOLOGISTA DE M√âXICO,TABASCO,IVAN FRANCISCO SANCHEZ ESPONDA,41
betovillamx,17,21.518987341772153,Alberto Villa,"Tonal√°, Jalisco",Diputado Federal Reelecto por el Distrito 7 de Tonal√°. #BetoVilla,1366,True ,JUNTOS HACEMOS HISTORIA,JALISCO,ALBERTO VILLA VILLEGAS,48
diegodelbosquev,16,20.253164556962027,Diego del Bosque,"Saltillo, Coahuila de Zaragoza",Ingeniero Agr√≥nomo en Desarrollo Rural. Trabajaba de multiusos en un Bar de Saltillo.,28258,True ,JUNTOS HACEMOS HISTORIA,COAHUILA,DIEGO EDUARDO DEL BOSQUE VILLARREAL,31
manuelherrerav,15,18.9873417721519,Manuel Herrera Vega,"Jalisco, M√©xico","üá≤üáΩ Empresario orgullosamente mexicano, peleando por el pa√≠s que so√±amos todos.",17015,False ,MOVIMIENTO CIUDADANO,JALISCO,MANUEL JESUS HERRERA VEGA,49
cesaragustinh,14,17.72151898734177,C√©sar Agust√≠n Hern√°ndez,"Chicoloapan, M√©xico",Sirvo a mi pa√≠s üá≤üáΩ,401,False ,JUNTOS HACEMOS HISTORIA,M√âXICO,CESAR AGUSTIN HERNANDEZ PEREZ,41
wengonzalezu,14,17.72151898734177,Wendy Gonzalez,M√©xico,Candidata a Diputada Federal por el Distrito 3 de Azcapotzalco. Abogada egresada de la UNAM y maestra en derecho procesal penal.,5038,True ,VA POR MEXICO,CIUDAD DE M√âXICO,WENDY GONZALEZ URRUTIA,44
karrojodelavega,14,17.72151898734177,Karla Rojo de la Vega Mota Velasco,Miguel Hidalgo,Escritora y artista |Secretaria General Nacional de @FuerzaXMexico. Maestra en Administraci√≥n P√∫blica | Humanista #Pol√≠ticaConsciente,4283,True ,FUERZA POR M√âXICO,NACIONAL,KARLA ROJO DE LA VEGA MOTA VELASCO,36
marumucinom,12,15.18987341772152,Mar√≠a Eugenia Muci√±o Mart√≠nez,"Toluca, M√©xico",Regidora de Toluca. Promotora de la 4T,461,False ,JUNTOS HACEMOS HISTORIA,M√âXICO,MARIA EUGENIA MUCI√ëO MARTINEZ,49
jccalymayor,11,13.924050632911392,Juan Carlos Cal y Mayor,"Tuxtla Guti√©rrez, Chiapas",Construir ciudadan√≠a puede salvar a M√©xico.,7687,True ,MOVIMIENTO CIUDADANO,CHIAPAS,JUAN CARLOS CAL Y MAYOR FRANCO,54
rosamarthamc,11,13.924050632911392,Rosa Martha Lor√≠a,M√©xico DF,"Pol√≠tica, Activista, Analista Pol√≠tico, Articulista y Consultora en Desarrollo y Agenda 2030",301,True ,MOVIMIENTO CIUDADANO,CIUDAD DE M√âXICO,ROSA MARTHA LORIA SAN MARTIN,56
marcosaguilar,11,13.924050632911392,Marcos Aguilar Vega,"Quer√©taro, Quer√©taro Arteaga","Ciudadano del mundo, sue√±o con un mundo verde.",31836,True ,PARTIDO ACCI√ìN NACIONAL,NACIONAL,MARCOS AGUILAR VEGA,48
sylviagarfias,10,12.658227848101266,Sylvia Garfias,,"Apasionada de la vida, orgullosa madre de 3 √°ngeles. Diputada Federal LXIV Legislatura",4129,True ,PARTIDO ACCI√ìN NACIONAL,NACIONAL,SYLVIA VIOLETA GARFIAS CEDILLO,46
marioarguezc,9,11.39240506329114,Mario Alberto Rodriguez Carrillo,"Zapopan, Jalisco",,1987,True ,MOVIMIENTO CIUDADANO,NACIONAL,MARIO ALBERTO RODRIGUEZ CARRILLO,54
chuyvaldesp,9,11.39240506329114,Chuy Vald√©s,"Culiac√°n, Sinaloa",Presidente del CDE PRI Sinaloa,65128,True ,PARTIDO REVOLUCIONARIO INSTITUCIONAL,NACIONAL,JESUS ANTONIO VALDES PALAZUELOS,42
gabygoldsmith,9,11.39240506329114,Gabriela Goldsmith,"M√©xico, D.F.",Enlace de Prevenci√≥n del Delito/Direcci√≥n Gral. de Seguridad Ciudadana y T. M. de Naucalpan| C. a Dra. en IRS | Actriz,21856,True ,MORENA,M√âXICO,RUTH GABRIELA GOLDSCHMIED GUASCH,60
cristianhteczon,9,11.39240506329114,Cristian H. Teczon Viccon,"Coatepec, Veracruz de Ignacio ","Soy un hombre comprometido con mi tierra üåéüêéüå≥, trabajando d√≠a a d√≠a en el impulso al desarrollo sustentable de #Veracruz. ü§† üá≤üáΩ üë∑üèΩ‚Äç‚ôÇÔ∏è üöß.#ADarle!!!",90,True ,REDES SOCIALES PROGRESISTAS,VERACRUZ,CRISTIAN HORACIO TECZON VICCON,51
irmajuancarlos,9,11.39240506329114,Irma Juan Carlos,Teotitl√°n de Flores Mag√≥n,"Teotitl√°n de Flores Mag√≥n, Oaxaca. #MORENA",6638,False ,MORENA,OAXACA,IRMA JUAN CARLOS,43
carmenbautistaz,8,10.126582278481013,Carmen Bautista Pel√°ez,Santiago Pinotepa Nacional,Diputada Federal por el Distrito 09 Oaxaca. Mujer joven y comprometida con las y los oaxaque√±os. #LaCostaEsMorena üêö,1037,True ,JUNTOS HACEMOS HISTORIA,OAXACA,MARIA DEL CARMEN BAUTISTA PELAEZ,30
gabyevia,8,10.126582278481013,Gaby Evia,,Soy abogada y activista. Sue√±o con una revoluci√≥n sostenible para Mexico üåé Secretaria de Medio Ambiente de @fuerzaxmexico,423,True ,FUERZA POR M√âXICO,NACIONAL,GABRIELA EVIA MUNGUIA,33
riultrivera,8,10.126582278481013,Riult Rivera,"Colima, M√©xico",Candidato a Diputado Federal por el Distrito 1 de la coalici√≥n Va Por M√©xico. Por un Colima de oportunidades. ¬°Vamos juntos!,718,False ,VA POR MEXICO,COLIMA,RIULT RIVERA GUTIERREZ,39
nuriaghernandez,8,10.126582278481013,Nuria Gabriela Hern√°ndez Abarca,"Morelia, Michoac√°n de Ocampo","Abogada, feminista, maestra en ciencias penales y medicina legal forense.",355,False ,PARTIDO DE LA REVOLUCI√ìN DEMOCR√ÅTICA,NACIONAL,NURIA GABRIELA HERNANDEZ ABARCA,45
polodominguez,8,10.126582278481013,POLO Dom√≠nguez,"Tepic, Nayarit. ","Esposo de Yolanda. Pap√° de Mar√≠a Jos√©, Polo y Alex. Abuelo de Santi y Mar√≠a Julia. Candidato a Diputado Federal por el Distrito 2 Tepic. Nayarit me mueve.",6688,True ,VA POR MEXICO,NAYARIT,LEOPOLDO DOMINGUEZ GONZALEZ,61
angelesgtzchih,8,10.126582278481013,Angeles Guti√©rrez,"Hidalgo del Parral, Chihuahua",Candidata a la Diputaci√≥n por el Noveno Distrito con la alianza Va por M√©xico.¬°Nosotros podemos!,399,False ,VA POR MEXICO,CHIHUAHUA,MARIA DE LOS ANGELES GUTIERREZ VALDEZ,59
jorgerohe,8,10.126582278481013,Jorge Romero Herrera,,Diputado Federal del PAN y Vicecoordinador de mi Grupo Parlamentario en la LXIV Legislatura. A trabajar por M√©xico!,49017,True ,PARTIDO ACCI√ìN NACIONAL,NACIONAL,JORGE ROMERO HERRERA,42
javier_hidalgo,7,8.860759493670885,Javier Hidalgo,Ciudad de M√©xico DF,Arquitecto Ciclista Morena de ‚ô•Ô∏è Diputado Federal,18933,True ,JUNTOS HACEMOS HISTORIA,CIUDAD DE M√âXICO,JAVIER ARIEL HIDALGO PONCE,61
slvillavicencio,7,8.860759493670885,Lorena Villavicencio,Mexico,"Diputada Federal por √Ålvaro Obreg√≥n Distrito 16 CDMX, comprometida con los DDHH de todas las personas.",4170,True ,JUNTOS HACEMOS HISTORIA,CIUDAD DE M√âXICO,SILVIA LORENA VILLAVICENCIO AYALA,56
chavarosasmx,7,8.860759493670885,Chava Rosas,,Diputado Federal de Nuevo Laredo Tamaulipas,2175,True ,PARTIDO ACCI√ìN NACIONAL,TAMAULIPAS,JOSE SALVADOR ROSAS QUINTANILLA,60
irmateranv,7,8.860759493670885,Irma Teran,"Sonora, M√©xico",Diputada Federal del Partido Encuentro Social en la LXIV Legislatura #SonoraTeAmo üíú,4717,True ,PARTIDO ENCUENTRO SOLIDARIO,NACIONAL,IRMA MARIA TERAN VILLALOBOS,35
pp_toriello,7,8.860759493670885,Jose A. Toriello,"Tapachula, Chiapas, Mexico",CEO Grupo Toriello,509,True ,PARTIDO VERDE ECOLOGISTA DE M√âXICO,CHIAPAS,JOSE ANTONIO DE JESUS TORIELLO ELORZA,60
fertorresgto,7,8.860759493670885,Fernando Torres G.,"Le√≥n, Guanajuato","Diputado Federal. Padre, esposo y panista guanajuatense. Cuenta oficial.",14143,True ,PARTIDO ACCI√ìN NACIONAL,GUANAJUATO,FERNANDO TORRES GRACIANO,50
chertorivski,7,8.860759493670885,Salom√≥n Chertorivski,M√©xico,Pap√° de Sof√≠a y Victoria. Esposo de Yona. S√≠ hay opci√≥n.,106913,True ,MOVIMIENTO CIUDADANO,CIUDAD DE M√âXICO,SALOMON CHERTORIVSKI WOLDENBERG,46
miguelsamanop,7,8.860759493670885,Miguel S√°mano,,Pol√≠tico. Diputado Federal Electo por el Distrito 1 del Estado de M√©xico,9273,True ,VA POR MEXICO,M√âXICO,MIGUEL SAMANO PERALTA,55
yadiramarcossin,7,8.860759493670885,Yadira Marcos,"Culiac√°n, Sinaloa",Diputada Federal por morena del Distrito 05 de Sinaloa. Coordinadora de Diputados Federales Morena Sinaloa #Mayor√≠aDelPueblo üá≤üáΩ,2776,True ,JUNTOS HACEMOS HISTORIA,SINALOA,NANCY YADIRA SANTIAGO MARCOS,41
maribelmruiz,7,8.860759493670885,Maribel Mart√≠nez,"Oaxaca de Ju√°rez, Oaxaca","Diputada Federal por la tercera circunscripci√≥n. Mam√° de Victoria, Valeria y Luis Alonso. Enamorada de mi familia. #Oaxaca es mi casa. #MujerDeTrabajo",2765,True ,PARTIDO DEL TRABAJO,NACIONAL,MARIBEL MARTINEZ RUIZ,48
pedro_matar,7,8.860759493670885,Pedro Matar,,,2503,True ,PARTIDO REVOLUCIONARIO INSTITUCIONAL,NACIONAL,SADER PEDRO MATAR ORRACA,49
pablogamboa_mx,7,8.860759493670885,Pablo Gamboa Miner,"M√©rida, Yucat√°n.",,13669,False ,PARTIDO REVOLUCIONARIO INSTITUCIONAL,YUCAT√ÅN,PABLO GAMBOA MINER,35
_castillohector,7,8.860759493670885,H√©ctor Castillo,,"Alcalde en funciones por reelecci√≥n y Diputado Federal Electo por el Distrito 1, Santa Catarina & San Pedro.",4386,True ,PARTIDO ACCI√ìN NACIONAL,NUEVO LE√ìN,HECTOR ISRAEL CASTILLO OLIVARES,46
braguaarturo,6,7.59493670886076,Arturo Bravo Guadarrama,"Guanajuato, Capital","Arturo Bravo Guadarrama, Arquitecto de formaci√≥n, dedicado a la pol√≠tica, con visi√≥n de Izquierda.",543,True ,PARTIDO DE LA REVOLUCI√ìN DEMOCR√ÅTICA,NACIONAL,ARTURO BRAVO GUADARRAMA,50
afdezdg,6,7.59493670886076,Arturo Fern√°ndez D√≠az-Gonz√°lez,,"Candidato a Diputado Federal por el Distrito 3, Sonora. Ex Presidente COPARMEX SONORA, Empresario, Consejero Patrimonial, Grupo GEMSO y Grupo HELIOS.",2739,False ,VA POR MEXICO,SONORA,ARTURO FERNANDEZ DIAZ GONZALEZ,50
wzuloag,6,7.59493670886076,Wendy Brice√±oZuloaga,"Hermosillo, Sonora. ",Diputada Federal Electa por el Distrito 5 #Sonora con #MORENA y Coalici√≥n #JuntxsHacemosHistoria #A√öNAsomos https://t.co/PJ8iH3cagW #CaminaConmigo,12144,True ,JUNTOS HACEMOS HISTORIA,SONORA,MARIA WENDY BRICE√ëO ZULOAGA,42
yoladelatorre,6,7.59493670886076,Yolanda de la Torre,M√©xico,"Magistrada TSJED. Senadora de la Rep√∫blica LXIII Leg. Dip Federal LXI y LXIII Leg. Orgullosamente duranguense, comprometida con los #DerechosHumanos y la #Ni√±ez",8498,True ,PARTIDO REVOLUCIONARIO INSTITUCIONAL,NACIONAL,YOLANDA DE LA TORRE VALDEZ,57
jahfraguas,6,7.59493670886076,To√±o Hern√°ndez Fraguas,"Oaxaca de Ju√°rez, Oaxaca",Orgulloso oaxaque√±o.,13121,True ,VA POR MEXICO,OAXACA,JOSE ANTONIO HERNANDEZ FRAGUAS,63
jcromerohicks,6,7.59493670886076,Juan C. Romero Hicks,"Guanajuato, M√©xico","Orgulloso guanajuatense. Diputado Federal. Coordinador de @diputadospan. Fui rector de la UG, gobernador de mi estado, director del Conacyt y senador.",67265,True ,PARTIDO ACCI√ìN NACIONAL,GUANAJUATO,JUAN CARLOS ROMERO HICKS,65
enriqueaubry,6,7.59493670886076,Enrique Aubry,"Jalisco, Mexico",Secretario General del Partido Verde Ecologista de M√©xico en Jalisco.,13161,True ,JUNTOS HACEMOS HISTORIA,JALISCO,ENRIQUE AUBRY DE CASTRO PALOMINO,38
maite_vargasm,6,7.59493670886076,Maite Vargas Meraz,"Chihuahua, M√©xico",Comprometida con mi pa√≠s y el bienestar de los mexicanos. Orgullosamente originaria de Chihuahua. #CentauroParaElMundo üåéüôãüèª‚Äç‚ôÄÔ∏è,1522,True ,JUNTOS HACEMOS HISTORIA,CHIHUAHUA,TERESITA DE JESUS VARGAS MERAZ,31
alejandrorobmx,6,7.59493670886076,Alejandro Robles,"Ontario, CA",Migrante y militante.,4264,True ,MORENA,NACIONAL,MANUEL ALEJANDRO ROBLES GOMEZ,38
mirzafloresg,6,7.59493670886076,Mirza Flores,"Jalisco, M√©xico",De arriba pa' abajo #TrabajandoSinDescanso por Zapopan y Jalisco. El futuro ser√° feminista o no ser√°. Diputada Ciudadana.,11985,True ,MOVIMIENTO CIUDADANO,NACIONAL,MIRZA FLORES GOMEZ,47
laufdzoficial,6,7.59493670886076,Laura Fern√°ndez ‚öì,Puerto Morelos,Diputada Federal Electa por el Distrito 4. Mam√° de Ana y Carlos.                    ¬° Que se escuche tu voz! üëäüèªüíö,21550,True ,JUNTOS HACEMOS HISTORIA,QUINTANA ROO,LAURA LYNN FERNANDEZ PI√ëA,49
katiacastillol,6,7.59493670886076,Katia Alejandra Castillo,Jalisco,Diputada Federal por Morena y Jalisco.,644,False ,JUNTOS HACEMOS HISTORIA,JALISCO,KATIA ALEJANDRA CASTILLO LOZANO,38
maturinoc,5,6.329113924050633,Carlos Maturino,"Durango, M√©xico","Padre de cuatro hijos extraordinarios, casado con una gran mujer. ùóóùó∂ùóΩùòÇùòÅùóÆùó±ùóº del ùó£ùóîùó° en @CongresoDurango. Convencido de que el Cielo es Real.",5069,True ,PARTIDO ACCI√ìN NACIONAL,NACIONAL,JUAN CARLOS MATURINO MANZANERA,41
pepeguerrerozu,5,6.329113924050633,Pepe Guerrero,"Ciudad Guzman, Jalisco, Mexico",Comprometido para defender la Grande del #SurDeJalisco.,1052,True ,MOVIMIENTO CIUDADANO,JALISCO,J JESUS GUERRERO ZU√ëIGA,53
tamaraibarramx,5,6.329113924050633,Tamara Ibarra,CDMX,"üì¢ Activista cultural, artista y feminista üî• Candidata a Diputada Federal, Alcald√≠a Benito Ju√°rez",814,True ,MOVIMIENTO CIUDADANO,CIUDAD DE M√âXICO,JENNY TAMARA IBARRA RUIZ,40
gerardogaudiano,5,6.329113924050633,Gerardo Gaudiano R.,"Tabasco, M√©xico",Tabasque√±o. Mi oficina est√° en la calle. A #Tabasco le quiero dedicar mi vida.,32059,True ,MOVIMIENTO CIUDADANO,NACIONAL,GERARDO GAUDIANO ROVIROSA,40
yola_guerrerob,5,6.329113924050633,Yolanda Guerrero,"Zamora, Michoac√°n de Ocampo","Candidata a Diputada Federal. Michoacana, madre y luchadora social, transformando a M√©xico.",371,False ,MORENA,MICHOAC√ÅN,YOLANDA GUERRERO BARRERA,57
marilu_esquive,5,6.329113924050633,Maril√∫ Esquivel,,Tlahuaquense| Maestra en Derecho| Doctora Honoris causa| Catedr√°tica en Universidades de la Demarcaci√≥n| Abogada Litigante  https://t.co/Ha0igQj8ao,14,True ,PARTIDO VERDE ECOLOGISTA DE M√âXICO,CIUDAD DE M√âXICO,MARILU ESQUIVEL RODRIGUEZ,43
vaniaavila,5,6.329113924050633,Vania √Åvila,,Integrante de la Comisi√≥n Operativa Nacional de @MovCiudadanoMx  Secretaria de Asuntos Internacionales @SAIMovMx y Vicepresidenta #Copppal,3282,True ,MOVIMIENTO CIUDADANO,NACIONAL,VANIA ROXANA AVILA GARCIA,48
pablo_vah,5,6.329113924050633,Pablo V√°zquez Ahued,Ciudad de M√©xico,En el podcast #PalabrasEnMovimiento. En el Poder Legislativo.Que la polarizaci√≥n no nos alcance m√°s que en los gustos musicales.,550,False ,MOVIMIENTO CIUDADANO,NACIONAL,PABLO VAZQUEZ AHUED,34
kathiabolio,5,6.329113924050633,Kathia Bolio Pinelo,"M√©rida, Yucat√°n","Yucateca, Mam√° de 2, Legisladora, causas humanas y sociales mis motivos para servir a MX. Activista en materia de DDHH y Gpos. Vulnerados.",5353,True ,PARTIDO ACCI√ìN NACIONAL,NACIONAL,KATHIA MARIA BOLIO PINELO,43
luismendozabj,5,6.329113924050633,Luis Mendoza Acevedo,"Alcald√≠a Benito Ju√°rez, CDMX.",Diputado Federal por el Distrito 15 en #BenitoJu√°rez / #VaPorM√©xico #PAN,6911,True ,VA POR MEXICO,CIUDAD DE M√âXICO,LUIS ALBERTO MENDOZA ACEVEDO,41
salvadorcaro,5,6.329113924050633,Salvador Caro,"Guadalajara, M√©xico ",Diputado local con licencia en el Congreso del Estado de Jalisco,24538,True ,MOVIMIENTO CIUDADANO,NACIONAL,SALVADOR CARO CABRERA,50
miguel_monraz,5,6.329113924050633,Miguel Monraz,Guadalajara,Orgullosamente mexicano. Chiva de coraz√≥n. Padre de familia. Coord. Nac. de S√≠ndicos y Regidores del PAN. Delegado Pol√≠tico del CEN en Colima,5018,True ,PARTIDO ACCI√ìN NACIONAL,NACIONAL,MIGUEL ANGEL MONRAZ IBARRA,47
gallardofausto,5,6.329113924050633,Fausto Gallardo,Tijuana ,"Diputado de la XXIIII Legislatura del Estado y dirigente estatal del PVEM en BC, apasionado por mi trabajo y hombre de ideales claros. Padre de un hermoso ni√±o.",1905,False ,JUNTOS HACEMOS HISTORIA,BAJA CALIFORNIA,FAUSTO GALLARDO GARCIA,44
narcisocazares,5,6.329113924050633,Narciso Cazares Dattoli,"Puebla, Mexico","Ciudadano comprometido con las ideas, la participaci√≥n y la escucha continua.",183,False ,PARTIDO ENCUENTRO SOLIDARIO,PUEBLA,NARCISO CAZARES DATTOLI,51
macarenachavezm,5,6.329113924050633,Macarena Ch√°vez F,"Lagunillas, Michoac√°n ",Mi coraz√≥n est√° con ustedes y con mi tierra. ‚ù§Ô∏è,1903,True ,VA POR MEXICO,MICHOAC√ÅN,MARIA MACARENA CHAVEZ FLORES,54
nassarmariana,5,6.329113924050633,Mariana Nassar Pi√±eyro,OAXACA,Orgullosamente oaxaque√±a. Honestidad y amor por Oaxaca es lo que me motiva.,6635,True ,VA POR MEXICO,OAXACA,MARIANA ERANDI NASSAR PI√ëEYRO,37
maribeaguilera,4,5.063291139240507,Maribel Aguilera Ch√°irez,,"Informaci√≥n de la actividad legislativa como Diputada Federal por el Distrito 03 de Durango, #Morena #ConMuchoAmor‚ù§ #PorDurango",1195,True ,JUNTOS HACEMOS HISTORIA,DURANGO,MARIBEL AGUILERA CHAIREZ,43
rayatanacioluna,4,5.063291139240507,Raymundo Atanacio Luna,Puebla,"Diputado Federal electo de Tepeaca Dtto 7.Amigo, padre de familia y luchador social. Siempre cercano a la gente. #DefendamosJuntosLaEsperanza",2197,True ,JUNTOS HACEMOS HISTORIA,PUEBLA,RAYMUNDO ATANACIO LUNA,51
loreniavalles,4,5.063291139240507,Lorenia Valles,"Hermosillo, Sonora",Sonorense ‚Ä¢ Madre y esposa ‚Ä¢ Obradorista y 4T ‚Ä¢ Candidata a diputada federal Dtto. 3 Hermosillo Norte ‚Ä¢ Soy @DiputadosMorena ‚Ä¢ Escribo en @ElSolHermosillo,6990,True ,JUNTOS HACEMOS HISTORIA,SONORA,LORENIA IVETH VALLES SAMPEDRO,44
sarainunezceron,4,5.063291139240507,Sara√≠ Nu√±ez-Ceron,"Celaya, Guanajuato",Diputada Federal #PAN | Polit√≥loga | B.A. Trent Uni. | MSc London School of Economics | Sria. de la Com de Rel. Ext.| Mam√°|Esposa |Celaya üíô,2581,True ,PARTIDO ACCI√ìN NACIONAL,GUANAJUATO,SARAI NU√ëEZ CERON,42
lauraimelperezs,4,5.063291139240507,Laura Imelda P√©rez Segura,"San Pedro Tlaquepaque, Jalisco","Diputada Federal de Morena por el Distrito 16 de San Pedro Tlaquepaque, Jalisco. @DiputadosMorena LXIV Legislatura¬°Honesta, Valiente y Segura! üôå",1933,True ,JUNTOS HACEMOS HISTORIA,JALISCO,LAURA IMELDA PEREZ SEGURA,41
oscargonzalezya,4,5.063291139240507,Oscar Gonz√°lez Y√°√±ez,Metepec Mexico,Luchador Social comprometido con #M√©xico y su gente de izquierda Ex-Pdte Municipal de #Metepec #Edomex Dip Fed #PT Pdte Comisi√≥n Transparencia y anticorrupci√≥n,26083,True ,JUNTOS HACEMOS HISTORIA,M√âXICO,OSCAR GONZALEZ YA√ëEZ,56
javierherreramx,4,5.063291139240507,Javier Herrera Borunda,"Veracruz, M√©xico",Delegado Nacional del @partidoverdemex en #Veracruz. Articulista en @ElDictamen. ¬°Orgullosamente jarocho!,15739,True ,PARTIDO VERDE ECOLOGISTA DE M√âXICO,NACIONAL,JAVIER OCTAVIO HERRERA BORUNDA,40
jzermenoi,4,5.063291139240507,Jorge Zerme√±o Infante,"Torre√≥n, Coahuila de Zaragoza",Alcalde del @MunicipioTRC. Administraci√≥n 2019-2021.,11588,True ,PARTIDO ACCI√ìN NACIONAL,COAHUILA,JORGE ZERME√ëO INFANTE,72
charlyleonmc,4,5.063291139240507,Carlos Le√≥n Garc√≠a | Movimiento Naranja,Hermosillo Sonora,Coordinador de  Movimiento Ciudadano en Sonora. De mi familia aprend√≠: El servicio a los dem√°s como √∫nica manera de trascender.,10656,True ,MOVIMIENTO CIUDADANO,SONORA,CARLOS ALBERTO LEON GARCIA,43
iztapalapava,4,5.063291139240507,Va X Iztaplapa,Iztapalapa,"Los colores cambian, el coraz√≥n y la convicci√≥n No, vamos por el Distrito 4 de Iztapalapa, Va por M√©xico.",1314,False ,VA POR MEXICO,CIUDAD DE M√âXICO,LUCIANO JIMENO HUANOSTA,62
manacochiapas,4,5.063291139240507,Manaco,"Tonal√°, Chiapas",Manuel Narc√≠a Couti√±o,251,False ,JUNTOS HACEMOS HISTORIA,CHIAPAS,MANUEL DE JESUS NARCIA COUTI√ëO,65
acarvajalh,4,5.063291139240507,Alejandro Carvajal,"Puebla, M√©xico",Diputado Federal Electo de Puebla | Abogado | Activista #Morena,2646,True ,JUNTOS HACEMOS HISTORIA,PUEBLA,ALEJANDRO CARVAJAL HIDALGO,40
es_iztacalco,4,5.063291139240507,Emilio Serrano,,,499,True ,FUERZA POR M√âXICO,CIUDAD DE M√âXICO,EMILIO SERRANO JIMENEZ,63
karlamartl,4,5.063291139240507,Karla Martinez,,Serrana apasionada por su tierra y por su gente | Lic. en Pol√≠tica Internacional.,273,True ,VA POR MEXICO,PUEBLA,KARLA ADRIANA MARTINEZ LECHUGA,27
soychelaandrade,4,5.063291139240507,Chela Andrade,"Morelia, Michoac√°n de Ocampo","Es tiempo de las mujeres, Michoac√°n necesita otra conducci√≥n, vamos por la mejor atenci√≥n a la poblaci√≥n. ¬°Vamos por el 10!",880,True ,MORENA,MICHOAC√ÅN,GRACIELA CARMINA ANDRADE GARCIA PELAEZ,59
checobarrera,4,5.063291139240507,Checo Barrera,"Zapopan, Jalisco","Diputado Federal electo por el Distrito 13 de Jalisco. Emprendedor, padre de familia. Encontr√© en el servicio p√∫blico un espacio para conectar con las personas.",9487,True ,MOVIMIENTO CIUDADANO,JALISCO,SERGIO BARRERA SEPULVEDA,38
erasmoglz,4,5.063291139240507,Erasmo Gonz√°lez,"Cd. Madero, Tam. Mexico","Padre de familia, pol√≠tico, amigo y deportista.",5395,True ,JUNTOS HACEMOS HISTORIA,TAMAULIPAS,ERASMO GONZALEZ ROBLEDO,48
mariaclementemx,4,5.063291139240507,Maria Clemente,M√©xico,Militante de Morena | Activista Trans.,2106,True ,MORENA,NACIONAL,MARIA CLEMENTE GARCIA MORENO,35
cquintanamtz,4,5.063291139240507,Carlos quintana,"Morelia, Michoac√°n de Ocampo","Soy un enamorado de Morelia, de su historia y de su gente, Desde la funci√≥n p√∫blica he luchado siempre para cambiar la historia de Michoac√°n",1302,True ,VA POR MEXICO,MICHOAC√ÅN,CARLOS HUMBERTO QUINTANA MARTINEZ,41
thelmacoragarza,4,5.063291139240507,Thelma Cora Garza,San Pedro Garza Garc√≠a,Orgullosa madre de 4 hijos üë©‚Äçüë©‚Äçüëß‚Äçüë¶ Activista y luchadora social üôãüèº‚Äç‚ôÄÔ∏è Doctora Honoris Causa üéì Galardonada Mujer L√≠der 2021ü•á,268,True ,MOVIMIENTO CIUDADANO,NUEVO LE√ìN,THELMA CORA GARZA SALINAS,56
apaolaguerra,4,5.063291139240507,Ana Paola Guerra F.,,Presidenta  Apoyo y Orientaci√≥n Por Ti Mujer AC Mexico üá≤üáΩ,235,True ,FUERZA POR M√âXICO,M√âXICO,ANA PAOLA GUERRA FLORES,44
armandoga26,4,5.063291139240507,Armando Garc√≠a Avenda√±o,"Ajalpan, Puebla",Diputado Local,1179,True ,VA POR MEXICO,PUEBLA,JOSE ARMANDO GARCIA AVENDA√ëO,59
meabaroa,4,5.063291139240507,Mar√≠a Elena Abaroa,"Colima, M√©xico",Coordinadora Estatal de Movimiento Ciudadano Colima.,328,True ,MOVIMIENTO CIUDADANO,NACIONAL,MARIA ELENA ABAROA LOPEZ,67
lied_miguel,4,5.063291139240507,Lied Miguel,"Tlalpan, Distrito Federal","Luchadora social, feminista y Concejala ciudadana en la Alcald√≠a de Tlalpan (2018-2021). Soy tu voz en el Concejo.",406,False ,MOVIMIENTO CIUDADANO,CIUDAD DE M√âXICO,LIED CASTELIA MIGUEL JAIMES,52
sanamilcar,4,5.063291139240507,Pablo Am√≠lcar Sandoval B,"Acapulco, Guerrero","Padre y esposo; guerrerense; economista; construyendo la #4T. Diputado Local y Diputado Federal electo distrito 4¬∫ #Acapulco, Guerrero. #DecideDignamente Morena",18599,True ,MORENA,GUERRERO,PABLO AMILCAR SANDOVAL BALLESTEROS,46
arturog_bc,3,3.79746835443038,Arturo Gonz√°lez,"Tijuana, Baja California",Candidato a Diputado Federal 4to. Distrito,2552,True ,PARTIDO VERDE ECOLOGISTA DE M√âXICO,BAJA CALIFORNIA,LUIS ARTURO GONZALEZ CRUZ,66
dulcero_ovando,3,3.79746835443038,Dulce Rodr√≠guez Ovando,"Pichucalco, Chiapas",,840,True ,PARTIDO VERDE ECOLOGISTA DE M√âXICO,CHIAPAS,DULCE MARIA RODRIGUEZ OVANDO,46
godinez_enrique,3,3.79746835443038,Enrique God√≠nez,,"Director de empresa familiar, me encanta la lectura, un apasionado de la historia y de la pol√≠tica mexicana, soy azul de coraz√≥n.",213,False ,VA POR MEXICO,MICHOAC√ÅN,ENRIQUE GODINEZ DEL RIO,51
jmastrettanl,3,3.79746835443038,Juan Mastretta,,"Nicolaita, 49er, marista, Rayado, polit√≥logo y CP, zurdo, bachatero y so√±ador de un M√©xico  mejor",1978,True ,PARTIDO ACCI√ìN NACIONAL,NUEVO LE√ìN,JUAN RAMON MASTRETTA LOPEZ,41
davidlopezdlc,3,3.79746835443038,David Lopez Cardenas,Metepec Edo. de M√©xico,"Esposo, padre de familia, polit√≥logo, militante Priista de toda la vida y migrante por este mundo.",13234,True ,PARTIDO REVOLUCIONARIO INSTITUCIONAL,NACIONAL,DAVID LOPEZ CARDENAS,41
llavenabarca,3,3.79746835443038,Jorge Luis Llaven Abarca,"Chiapas, M√©xico",,1795,True ,JUNTOS HACEMOS HISTORIA,CHIAPAS,JORGE LUIS LLAVEN ABARCA,47
maurogarzamarin,3,3.79746835443038,Mauro Garza,"Guadalajara, Jalisco",Empresario tapat√≠o decidido a darlo todo para mejorar nuestro pa√≠s. Diputado Federal electo por el distrito 8 de Jalisco.,5367,True ,MOVIMIENTO CIUDADANO,JALISCO,JOSE MAURO GARZA MARIN,42
juanitaguerra_m,3,3.79746835443038,Juanita Guerra Mena,"Cuautla, Morelos",Cuautlense | Diputada Federal,1746,True ,MORENA,MORELOS,JUANITA GUERRA MENA,38
alropasa,3,3.79746835443038,Patricio Flores,,,605,True ,PARTIDO REVOLUCIONARIO INSTITUCIONAL,NACIONAL,PATRICIO FLORES SANDOVAL,69
rogeliofrancoc,3,3.79746835443038,Rogelio Franco,"Xalapa, Veracruz de Ignacio de la Llave","Ciudadano que cree en la democracia y la practica, en busca de justicia, igualdad y bienestar para la gente",3775,False ,PARTIDO DE LA REVOLUCI√ìN DEMOCR√ÅTICA,NACIONAL,ROGELIO FRANCO CASTAN,45
melbafarias1,3,3.79746835443038,Diputada Federal Melba Far√≠as,"Monclova, Coahuila de Zaragoza",Diputada Federal # Distrito3 por #Morena #JuntosHaremosHistoria,770,True ,JUNTOS HACEMOS HISTORIA,COAHUILA,MELBA NELIA FARIAS ZAMBRANO,65
leonelgodoy,3,3.79746835443038,Leonel Godoy Rangel,"L√°zaro C√°rdenas, Michoac√°n de Ocampo","Doctor en Derecho por la UNAM, pol√≠tico de izquierda.",9646,True ,MORENA,MICHOAC√ÅN,LEONEL GODOY RANGEL,70
olgajulianaeg,3,3.79746835443038,Olga Juliana Elizondo Guerra,"Guerrero, Tamaulipas",Regia y tamaulipeca de coraz√≥n ‚ô• | Reynosa-Ribere√±a ,|1127,True ,JUNTOS HACEMOS HISTORIA,TAMAULIPAS,OLGA JULIANA ELIZONDO GUERRA,56
gerardo_penaf,3,3.79746835443038,Gerardo Pe√±a,"Reynosa Tamaulipas, M√©xico",Diputado Local de Reynosa Tamaulipas por la LXIV Legislatura en el @CongresoTams. Siempre Cerca de Ti. #GP,3652,False ,PARTIDO ACCI√ìN NACIONAL,TAMAULIPAS,GERARDO PE√ëA FLORES,51
soyrocioreza,3,3.79746835443038,Roc√≠o Reza,"Chihuahua, M√©xico","Panista, Chihuahuense empe√±ada en acortar la brecha entre los pol√≠ticos y los ciudadanos. Esposa de Marco y orgullosa madre de 3 hijos.",3947,False ,PARTIDO ACCI√ìN NACIONAL,NACIONAL,ROCIO ESMERALDA REZA GALLEGOS,53
genovevahuerta,2,2.5316455696202533,Genoveva Huerta,"Puebla, M√©xico",Presidenta Estatal del @PANPuebla | Diputada Federal | Consejera Estatal y Nacional de @AccionNacional | Mam√° de Jeritos.,14982,True ,PARTIDO ACCI√ìN NACIONAL,NACIONAL,GENOVEVA HUERTA VILLEGAS,40
mao_2108,2,2.5316455696202533,Miguel Angel Ordu√±o,Los Mochis Sinaloa,"Collect as much happiness as possible and don't waste it, because in the days of sadness you'll need it...",128,True ,REDES SOCIALES PROGRESISTAS,SINALOA,MIGUEL ANGEL ORDU√ëO TORRES,51
pesnacionalmx,2,2.5316455696202533,Partido Encuentro Solidario,M√©xico,,11860,False ,PARTIDO ENCUENTRO SOLIDARIO,GUANAJUATO,MARTHA LUCIA OLMOS BARRERA,38
alvarezmaynez,2,2.5316455696202533,Jorge √Ålvarez M√°ynez,M√©xico,Optimista Racional / Servidor P√∫blico / Militante de las causas perdidas / No se puede vivir como si la belleza no existiera / Truth is I've always been a fool,52055,True ,MOVIMIENTO CIUDADANO,NACIONAL,JORGE ALVAREZ MAYNEZ,35
carmencid85,2,2.5316455696202533,Carmen Cid,Estado de M√©xico,Simplemente Yo.Lic. Pol√≠ticas y Proyecto Sociales,86,True ,PARTIDO DE LA REVOLUCI√ìN DEMOCR√ÅTICA,M√âXICO,MARIA DEL CARMEN CID MIRANDA,36
hecmaldonado17,2,2.5316455696202533,H√©ctor Maldonado San Germ√°n,,Ciudadano comprometido con mejorar la calidad de vida de los mexicanos.,66,False ,JUNTOS HACEMOS HISTORIA,CIUDAD DE M√âXICO,HECTOR MALDONADO SAN GERMAN,51
rodrigosamc,2,2.5316455696202533,Rodrigo Samperio.,Estado de M√©xico,Coordinador Nacional de J√≥venes En Movimiento @Jovenes_Mov @MovCiudadanoMX,1329,True ,MOVIMIENTO CIUDADANO,NACIONAL,RODRIGO HERMINIO SAMPERIO CHAPARRO,30
mariaperusquiaf,2,2.5316455696202533,Mar√≠a Perusqu√≠a,"Quer√©taro, Quer√©taro Arteaga",Animal Lover ‚Ä¢ Delegada Estatal de J√≥venes en Movimiento ‚Ä¢,718,True ,MOVIMIENTO CIUDADANO,QUER√âTARO,MARIA PERUSQUIA FLORES,30
rociorebollom,2,2.5316455696202533,Roc√≠o Rebollo,"G√≥mez Palacio, Durango","Madre de Andr√©s. Lagunera, orgullosamente Duranguense.",11443,True ,VA POR MEXICO,DURANGO,MARIA DEL ROCIO REBOLLO MENDOZA,55
memorenooficial,2,2.5316455696202533,Maria Elena Moreno,"Nogales, Sonora","Madre de 5, empresaria, y ciudadana proactiva. #Cemefi #SocialmenteResponsable",141,True ,MOVIMIENTO CIUDADANO,SONORA,MARIA ELENA MORENO DURAZO,52
auguscarlos40,2,2.5316455696202533,Carlos Augusto P√©rez,"Tlaxcala, M√©xico","ü§ìPolit√≥logo y servidor p√∫blico con profundo amor a Tlaxcala‚ù§Ô∏è, a quien le he dedicado m√°s de 20 a√±os de trabajo por el bienestar de todos los tlaxcaltecas.ü§ó",74,False ,MORENA,TLAXCALA,CARLOS AUGUSTO PEREZ HERNANDEZ,44
lopezrayonclau,2,2.5316455696202533,Claudia L√≥pez Ray√≥n,Tlalpan,,1214,False ,JUNTOS HACEMOS HISTORIA,CIUDAD DE M√âXICO,CLAUDIA LOPEZ RAYON,48
ednasosaj,2,2.5316455696202533,Edna Sosa,Tlalnepantla,"Mam√° de 2 ni√±os hermosos, preocupada y ocupada en construir un M√©xico mejor, m√°s justo y prospero.",822,True ,PARTIDO DE LA REVOLUCI√ìN DEMOCR√ÅTICA,M√âXICO,EDNA VALERIA SOSA JUAREZ,38
joseireneo,2,2.5316455696202533,JOSE IRENEO PALAFOX SEGURA,"IRAPUATO,GUANAJUATO, MEXICO.","INFORMATIVO QUE COMUNICA Y DIFUNDE LAS ULTIMAS NOTICIAS DE  @AccionNacional ASI COMO LOS SUCESOS Y ACONTECIMIENTOS MAS RELEVANTES DE IRAPUATO, GTO. Y MEXICO.",737,True ,PARTIDO ACCI√ìN NACIONAL,NACIONAL,JOSE IRENEO PALAFOX SEGURA,59
carlos_gerard,2,2.5316455696202533,Carlos Gerard,Puerto Vallarta,"Soy Carlos Gerard, Vallartense de coraz√≥n.",20039,True ,VA POR MEXICO,JALISCO,CARLOS GERARD GUZMAN,45
karlamedinacon1,2,2.5316455696202533,Karla Paola Medina,,"Ciudadana. Empresaria. Lic. en Ciencias de la Comunicaci√≥n, Maestra en Imagen P√∫blica, Productora, Directora de Cine. Activista de las causas sociales.",173,True ,MOVIMIENTO CIUDADANO,YUCAT√ÅN,KARLA PAOLA MEDINA CONTRERAS,42
jrg_toledo,2,2.5316455696202533,Jorge Toledo,"Cuernavaca, Mor.","Arquitecto / Estudios Regionales. Milito en #MORENA. Creo en la transformaci√≥n pol√≠tica  de fondo,con participaci√≥n ciudadana, libertad, respeto e inclusi√≥n.",492,True ,MORENA,MORELOS,JORGE ALBERTO BARRERA TOLEDO,35
ectorjaime,2,2.5316455696202533,Dr. √âctor Jaime,"Le√≥n, Gto. M√©xico","Diputado Federal Electo de Guanajuato en la LXV LegislaturaDoctor en Ciencias y en Administraci√≥n P√∫blicaProfesor Honor√≠fico, U. de GuanajuatoMis Tuits: #EJ",18973,True ,PARTIDO ACCI√ìN NACIONAL,GUANAJUATO,ECTOR JAIME RAMIREZ BARBA,64
storreblancae,2,2.5316455696202533,Santiago Torreblanca,CDMX,Secretario General Adjunto del @PAN_CDMX.Raz√≥n y coraz√≥n. Ejerzo la arrogancia de la libertad.,6091,True ,PARTIDO ACCI√ìN NACIONAL,NACIONAL,SANTIAGO TORREBLANCA ENGELL,39
sapcdpue,2,2.5316455696202533,Sria. Discapacidad,,Secretaria de Atenci√≥n a Personas con Discapacidad PRI Puebla,1005,True ,PARTIDO REVOLUCIONARIO INSTITUCIONAL,NACIONAL,MARTHA CORONA ESPINOSA,62
rojasdiazduran,2,2.5316455696202533,Alejandro Rojas D√≠az Dur√°n,,"Consejero de Morena, fundador del Ala Democr√°tica y senador suplente de la Rep√∫blica. Una vida luchando, desde abajo y con la gente.",12758,False ,MORENA,NACIONAL,ALEJANDRO ROJAS DIAZ DURAN,63
suraigor,2,2.5316455696202533,Igor Sura,"Guanajuato, M√©xico","Abogado, Catedr√°tico, Pol√≠tico, Humanista, Emprendedor, Consultor Energ√©tico. Candidato a Diputado Federal por el Distrito 4 en Gto.#PorAmorAGuanajuato ‚ù§üá≤üáΩ",850,True ,PARTIDO DE LA REVOLUCI√ìN DEMOCR√ÅTICA,GUANAJUATO,IGOR OLAF SURA WYSOCKI,45
rosalia_rangel,2,2.5316455696202533,rosalia rangel,"M√©xico, DF","Runner,Consejera Nacional PAN,cta https://t.co/xAKr0NbEEZ respondo a cuentas fake,cobardes an√≥nimas",1924,True ,PARTIDO ACCI√ìN NACIONAL,NACIONAL,ROSALIA RANGEL LOPEZ,54
isabelalfaroiv,2,2.5316455696202533,Isabel Alfaro,"Tulancingo de Bravo, Hidalgo",Diputada Federal por el #IVDistrito #Hidalgo por el partido #Morena.#M√©xico #Hidalgo,516,False ,JUNTOS HACEMOS HISTORIA,HIDALGO,MARIA ISABEL ALFARO MORALES,55
gperomanavila,2,2.5316455696202533,Guadalupe Rom√°n √Åvila,"Ecatepec de Morelos, M√©xico","Candidata a Diputada Federal de Morena por el Distrito XVII de Ecatepec, Estado de M√©xico.",703,True ,MORENA,M√âXICO,MARIA GUADALUPE ROMAN AVILA,48
carolamora75,2,2.5316455696202533,Carolina Morales,,"Presido la Comisi√≥n de Deporte y Juventud en el Ayuntamiento de Puebla. Apasionada de mi pa√≠s, de su gente y de sus j√≥venes. ‚ù§Ô∏è la econom√≠a social y solidaria.",1985,False ,VA POR MEXICO,PUEBLA,CAROLINA MORALES GARCIA,46
miguelarmentarz,2,2.5316455696202533,Miguel √Ångel Armenta,"Sonora, M√©xico",Administrador P√∫blico de profesi√≥n. Apasionado y estudioso de la pol√≠tica.  / La verdad es siempre revolucionaria,1414,True ,PARTIDO DE LA REVOLUCI√ìN DEMOCR√ÅTICA,NACIONAL,MIGUEL ANGEL ARMENTA RAMIREZ,42
karlaavilaanaya,2,2.5316455696202533,Karla Avila Anaya,Mexico,Candidata por el Partido Fuerza por M√©xico por la Diputaci√≥n Federal por el Distrito 10 üì© contacto@karlaavila.com,514,True ,FUERZA POR M√âXICO,CIUDAD DE M√âXICO,KARLA AVILA ANAYA,45
mmiguelcarrillo,2,2.5316455696202533,Mario Miguel Carrillo,,"Triatleta de afici√≥n, tenista de coraz√≥n, fan√°tico del cine y lector ocasional. La Pol√≠tica mi pasi√≥n | PhD en Desarrollo, Medio Ambiente y Territorio",1185,True ,JUNTOS HACEMOS HISTORIA,PUEBLA,MARIO MIGUEL CARRILLO CUBILLAS,39
vladimir_parra,2,2.5316455696202533,Vladimir Parra,"Colima, M√©xico","Pap√°, activista y lector obsesivo.",796,True ,MORENA,COLIMA,VLADIMIR PARRA BARRAGAN,33
_carlosamorales,2,2.5316455696202533,Carlos Alberto Morales Alvarez,,"Soy Carlos Alberto Morales Alvarez, agradezco tu confianza depositada en mi palabra y en mi trabajo.",2983,True ,VA POR MEXICO,PUEBLA,CARLOS ALBERTO MORALES ALVAREZ,41
julioc_moreno,2,2.5316455696202533,JULIO CESAR MORENO,MEXICO,Hombre comprometido por mejorar la calidad de vida de los habitantes de Venustiano Carranza. Diputado Federal Electo.,19220,True ,MORENA,NACIONAL,JULIO CESAR MORENO RIVERA,50
muriel_salinas,2,2.5316455696202533,Muriel Salinas,,"Feminista, defensora derechos pol√≠ticos mujeres. Pol√≠ticas de Igualdad, formaci√≥n de liderazgos pol√≠ticos. @MujerEsPlural  Columnista en @SemMexico",1062,True ,MOVIMIENTO CIUDADANO,NACIONAL,ARACELY MURIEL SALINAS DIAZ,48
karlaalmazan_b,2,2.5316455696202533,Karla Almaz√°n,"Texcoco, M√©xico",.,3322,False ,MORENA,M√âXICO,KARLA YURITZI ALMAZAN BURGOS,46
israelorozco_,2,2.5316455696202533,ISRAEL OROZCO,"El Salto, Jalisco. Mex.","Hombre de familia, abogado, servidor p√∫blico por vocaci√≥n.",1034,True ,MOVIMIENTO CIUDADANO,JALISCO,EDGAR ISRAEL OROZCO MONTES,43
evamorenoguerra,2,2.5316455696202533,Evangelina Moreno Guerra,,"Mujer con car√°cter de hacer las cosas bien, adem√°s comprometida con la esperanza de M√©xico.#YoConEvangelinaMoreno #DefendamoslaEsperanzaJuntos",38,False ,MORENA,BAJA CALIFORNIA,EVANGELINA MORENO GUERRA,48
alexdmgz,2,2.5316455696202533,ALEX DOMINGUEZ,"Chihuahua, Mexico","Soy del mero Chihuahua; esposo, padre y abogado consultor en Valenzuela & Asociados.",6136,True ,PARTIDO REVOLUCIONARIO INSTITUCIONAL,NACIONAL,CESAR ALEJANDRO DOMINGUEZ DOMINGUEZ,46
kalyvictoriad,2,2.5316455696202533,Kaly Victoria Delgado,"Guerrero, M√©xico","*Integrante OVLI Guerrero *Sria.Gral. FBMP, A.C.*Integrante Sist. Est. en la Prev, Atenci√≥n, Sanci√≥n y Erradicaci√≥n de la Violencia contra la Mujer GRO.",234,True ,PARTIDO DEL TRABAJO,GUERRERO,KALY VICTORIA DELGADO,45
hectormoram1,2,2.5316455696202533,H√©ctor Mora,,Soy Orgullosamente Mexicano üá≤üáΩ de la #CDMX #M√©xicoTeQuiere *Todo aqu√≠ es a t√≠tulo personal* #M1,1561,True ,JUNTOS HACEMOS HISTORIA,CIUDAD DE M√âXICO,HECTOR MANUEL MORA ZERME√ëO,30
huic_o,2,2.5316455696202533,Luis mi Huicochea S.,"Cuernavaca, Morelos",Obsesionado con mejorar un poquito al mundo,408,True ,MORENA,MORELOS,LUIS MIGUEL HUICOCHEA SALGADO,33
javierperezmc,2,2.5316455696202533,Javier P√©rez Ram√≠rez,"Tabasco, M√©xico",Lic. en Ciencias Pol√≠ticas y Admon. P√∫blica. Universidad de Monterrey (UDEM). Ex candidato a Diputado Federal IV Distrito. Tabasque√±o,617,True ,MOVIMIENTO CIUDADANO,TABASCO,JAVIER ALEJANDRO PEREZ RAMIREZ,36
jackienava_of,2,2.5316455696202533,Jackie Navaüå±,Tijuana BC,"Ex campeona mundial super gallo AMB y CMB deportista, Arquitecta. Mi mayor triunfo : ser madre de FRIDA y VALENTINA . Instagram jackienava_of",33416,True ,VA POR MEXICO,BAJA CALIFORNIA,JACQUELINE NAVA MOUETT,41
esther_mtz03,2,2.5316455696202533,Esther Mart√≠nez,,"Originaria de Teteles de √Åvila Castillo, Puebla,Luchadora social e integrante de la UTC A.C. y Tisentekitli A.C.Coordinadora Estatal del PT Puebla.",48,True ,JUNTOS HACEMOS HISTORIA,PUEBLA,ESTHER MARTINEZ ROMANO,44
ivonneop,2,2.5316455696202533,Ivonne Ortega,,"Mexicana, madre, profesionista y pol√≠tica mexicana. Lucho por M√©xico, su gente y sus causas.",382195,True ,MOVIMIENTO CIUDADANO,NACIONAL,IVONNE ARACELLY ORTEGA PACHECO,48
albertobatun_,2,2.5316455696202533,Alberto Batun Chulim,"canc√∫n, Q. Roo","Presidente CEM Morena Benito Juarez Q. Roo. Lic. Derecho, Comerciante, solo aquel que ha vivido como la mayor√≠a del pueblo puede hacer el cambio.",2926,True ,JUNTOS HACEMOS HISTORIA,QUINTANA ROO,WILLBERT ALBERTO BATUN CHULIM,41
manuelantunez,2,2.5316455696202533,Manuel Ant√∫nez O.,,Delegado Nacional  de Movimiento Ciudadano para Michoac√°n,1489,True ,MOVIMIENTO CIUDADANO,NACIONAL,LUIS MANUEL ANTUNEZ OVIEDO,74
jorgeromerogto,2,2.5316455696202533,JORGE ROMERO,"IRAPUATO, GTO.",#Irapuatoüçì #Silaoüó≥ Diputado Federal Electo üéñ1 r√©cord guinnessüá≤üáΩConsejero Nacional de @accionnacional,5086,True ,PARTIDO ACCI√ìN NACIONAL,GUANAJUATO,JORGE ALBERTO ROMERO VAZQUEZ,34
cioac_fov,2,2.5316455696202533,Federico Ovalle Vaquera,,"Secretario General de la @CIOAC_ | Ex Diputado local y Federal. Luchador social, dem√≥crata y militante de la izquierda",254,False ,PARTIDO DE LA REVOLUCI√ìN DEMOCR√ÅTICA,NACIONAL,FEDERICO OVALLE VAQUERA,66
espejohernandez,2,2.5316455696202533,Rosa Mar√≠a Hern√°ndez Espejoüåπ,"Veracruz, Mexico","Mujer, humanista, periodista y acad√©mica. Totalmente entregada y enamorada de #Veracruz #ConElPuebloTodoSinElPuebloNada #EsUnHonorEstarConObrador",2456,True ,JUNTOS HACEMOS HISTORIA,VERACRUZ,ROSA HERNANDEZ ESPEJO,59
beatrizroblesgs,2,2.5316455696202533,Beatriz Robles,Quer√©taro,Mujer | diputada federal del distrito 03 de Quer√©taro | Comprometida con la 4T |  @PartidoMorenaMx,8274,True ,JUNTOS HACEMOS HISTORIA,QUER√âTARO,BEATRIZ SILVIA ROBLES GUTIERREZ,56
trackcoverflow,2,2.5316455696202533,Track CoverFlow,"Durango, Dgo ü¶Ç",M√∫sica | Covers | Noticias | Humor | Efem√©rides ü•Å-üéπ-üé§-üé∏-üéß-üîä-üéª-üé∑-üé∫,353,True ,PARTIDO DE LA REVOLUCI√ìN DEMOCR√ÅTICA,NACIONAL,JOSE DIDIER RIOS JIMENEZ,28
vanconstruyendo,2,2.5316455696202533,Vane del Castillo,,,866,True ,MORENA,CIUDAD DE M√âXICO,ERIKA VANESSA DEL CASTILLO IBARRA,42
valeriamorenop8,2,2.5316455696202533,Valeria Moreno Puebla,,"Abogada, fundadora de Quipiya, A. C.",72,True ,REDES SOCIALES PROGRESISTAS,PUEBLA,ESTEFANIA VALERIA MORENO FLORES,30
fematalfredo,1,1.2658227848101267,Alfredo Femat Ba√±uelos,"Zacatecas, M√©xico","Diputado Federal, Presidente de la Comisi√≥n de Relaciones Exteriores. Comisionado Pol√≠tico Nacional del PT en Zacatecas. Ex diputado local, ex rector de la UAZ.",1110,False ,JUNTOS HACEMOS HISTORIA,ZACATECAS,ALFREDO FEMAT BA√ëUELOS,60
juanmoreno_haro,1,1.2658227848101267,JUAN MORENO DE HARO,DURANGO,"Soy Juan, un joven apasionado por la pol√≠tica, el desarrollo personal, la jardiner√≠a y el senderismo     |Duranguense | Priista | ¬°Estoy a tu disposici√≥n! ",|575,True ,PARTIDO REVOLUCIONARIO INSTITUCIONAL,NACIONAL,JUAN MORENO DE HARO,27
carmenjoaquinmx,1,1.2658227848101267,Carmen Joaqu√≠n,Caribe Mexicano,Empresaria. Mam√° de 3. Quintanarroense üíõüíô‚ù§Ô∏è ExPresidente CPMX. Lic. en Adm√≥n. y Mtra. Comercio y Negocios Intl. Karateka y Pamboler√≠sima. S√≠ Por M√©xico!,7775,False ,PARTIDO DE LA REVOLUCI√ìN DEMOCR√ÅTICA,NACIONAL,MARIA DEL CARMEN JOAQUIN HERNANDEZ,46
luzbaxzi,1,1.2658227848101267,Luz Baxzi üíö,"Veracruz, M√©x.","Mujer, veracruzana, profesionista, candidata a diputada federal por el Distrito 12. #lavozqueveracruznecesita. üåªüå±üå≥ PVEM",337,False ,JUNTOS HACEMOS HISTORIA,VERACRUZ,LUZ DEL CARMEN BAXZI GARCIA,37
eliperezv_,1,1.2658227848101267,Elizabeth P√©rez,,"Secretaria Nacional de Asuntos Electorales y Pol√≠tica de Alianzas del @PRDMexico  mujer comprometida, trabajadora y compa√±era.",560,True ,PARTIDO DE LA REVOLUCI√ìN DEMOCR√ÅTICA,NACIONAL,ELIZABETH PEREZ VALDEZ,43
name_alondra,1,1.2658227848101267,Alondra Name,"Playa del Carmen, Quintana Roo",Soy una mujer emprendedora enamorada de Quintana Roo y su gente. Comprometida con la #EquidadDeG√©nero y con el #Empoderamiento de las #Mujeres,261,False ,FUERZA POR M√âXICO,QUINTANA ROO,ALONDRA MARGARITA NAME RIOS,35
stuardollamas,1,1.2658227848101267,Stuardo Llamas,"Quer√©taro, Quer√©taro Arteaga",#GallosBlancos #Raiders Capit√°n del Black Side,4802,True ,FUERZA POR M√âXICO,QUER√âTARO,RAMON STUARDO LLAMAS SERVIN,46
palomasnchez,1,1.2658227848101267,Paloma S√°nchez,"Mexico,D.F.",Sinaloense | Hija de la Carmelita y El G√ºero | Mtra. en Gobierno | Secretaria de Comunicaci√≥n Institucional del @PRI_Nacional | Presidenta del @MovPRImxOficial,5188,True ,PARTIDO REVOLUCIONARIO INSTITUCIONAL,NACIONAL,PALOMA SANCHEZ RAMOS,35
eddiepalacios15,1,1.2658227848101267,EddiePalacios,"Acapulco de Ju√°rez, Guerrero",Ponte verde !!!,188,False ,JUNTOS HACEMOS HISTORIA,GUERRERO,LUIS EDGARDO PALACIOS DIAZ,47
ale_lanuza,1,1.2658227848101267,Alejandrina Lanuza,"Salvatierra, Guanajuato","Candidata a Presidenta Salvatierra, Gto. #AlejandrinaS√≠",1516,True ,PARTIDO ACCI√ìN NACIONAL,GUANAJUATO,KARLA ALEJANDRINA LANUZA HERNANDEZ,40
angelandariego1,1,1.2658227848101267,@angelandariego Angel Dominguez Escobar,,ingeniero Agr√≥nomo Egresado del Instituto Tecnol√≥gico de La Cuenca del Papaloapan,168,False ,JUNTOS HACEMOS HISTORIA,OAXACA,ANGEL DOMINGUEZ ESCOBAR,42
jaramillovences,1,1.2658227848101267,David Jaramillo,"Amatepec, M√©xico",Peque√±as acciones cambian al mundo üòªüòªüòª,2833,True ,PARTIDO DEL TRABAJO,M√âXICO,DAVID JARAMILLO VENCES,29
hectorchavez,1,1.2658227848101267,Lic. H√©ctor Ch√°vez,"Hidalgo del Parral, Chihuahua","Estudiante de Maestr√≠a en Administraci√≥n P√∫blica, Lic. Adm. Financiera, Lic. Derecho, Asesor @ Senado de la Rep√∫blica",149,True ,JUNTOS HACEMOS HISTORIA,CHIHUAHUA,HECTOR TOMAS CHAVEZ DURAN,39
juliancahero,1,1.2658227848101267,Juli√°n Cahero,"M√©rida, Yucat√°n, M√©xico.",Hecho en la tierra del fais√°n y el venado. ü¶öü¶å,1694,True ,PARTIDO ACCI√ìN NACIONAL,NACIONAL,JULIAN ALBERTO CAHERO CORTAZAR,32
ruthlugom,1,1.2658227848101267,RuthLugo,"Guanajuato, M√©xico","Vivo para la pol√≠tica y no de ella. Profesionista independiente.Maestra en Fiscal y M√°ster en Pr√°ctica Pol√≠tica, Dip. Fed. 2009-2012 y Dip.local 2006-2009.",990,False ,MORENA,GUANAJUATO,RUTH ESPERANZA LUGO MARTINEZ,53
vjorrin,1,1.2658227848101267,V√≠ctor Jorr√≠n,"Acapulco de Ju√°rez, Guerrero","Psic√≥logo, Empresario y promotor de apoyos a la sociedad.",1461,True ,MOVIMIENTO CIUDADANO,GUERRERO,VICTOR MANUEL JORRIN LOZANO,66
jgerardoruizd,1,1.2658227848101267,Gerardo Ruiz,,"Orgullosamente Talense, padre de familia, comerciante y agricultor.",99,True ,MOVIMIENTO CIUDADANO,JALISCO,JUAN GERARDO RUIZ DELGADO,40
navorrojasm_,1,1.2658227848101267,Navor Rojas,,"Soy amigo, de todos ustedes!",157,False ,MORENA,HIDALGO,NAVOR ALBERTO ROJAS MANCERA,57
fatimaespinac,1,1.2658227848101267,F√°tima Espina Coeto,"Puebla, M√©xico","Soy cat√≥lica, mexicana y polit√≥loga. ‚ÄúTotus tuus ego sum, et omnia mea tua sunt""",545,True ,PARTIDO ACCI√ìN NACIONAL,NACIONAL,FATIMA ESPINA COETO,25
lulymtze,1,1.2658227848101267,Luly Mart√≠nez,"Cuencam√©, Durango","Madre de 3 hermosos hijos, orgullosa de mi Tierra #Cuencam√© y Presidenta Municipal de este hermoso Municipio",768,True ,VA POR MEXICO,DURANGO,MARIA DE LOURDES MARTINEZ ESPINOSA,50
joseluis_dip,1,1.2658227848101267,Jos√© Luis Barajas,,Vamos a impulsar un proyecto para mejorar la calidad de vida de Xochimilco y Milpa Alta #VaPorMexico,120,False ,VA POR MEXICO,CIUDAD DE M√âXICO,JOSE LUIS BARAJAS MEDINA,52
leobardo_alcala,1,1.2658227848101267,Dr. Leobardo Alcal√°,Guadalajara,,11541,True ,VA POR MEXICO,JALISCO,LEOBARDO ALCALA PADILLA,60
josevictor_rdz,1,1.2658227848101267,Jos√© V√≠ctor Rodr√≠guez,Ciudad de M√©xico,Jos√© V√≠ctor Rodr√≠guez N√°jera | Periodista -journalist- de investigaci√≥n | Profesor en mi alma m√°ter: la UNAM,13792,False ,REDES SOCIALES PROGRESISTAS,CIUDAD DE M√âXICO,JOSE VICTOR RODRIGUEZ NAJERA,45
gamezgamboa,1,1.2658227848101267,Froyl√°n G√°mez Gamboa,,"Sonorense, Economista y apasionado de M√©xico",599,True ,PARTIDO DEL TRABAJO,NACIONAL,FROYLAN GAMEZ GAMBOA,36
alelpz_m,1,1.2658227848101267,ùêÄùê•ùêûùê±ùêö ‚ôèÔ∏è,"Nuevo Le√≥n, M√©xico",,234,True ,FUERZA POR M√âXICO,NUEVO LE√ìN,DIBANHI ALEJANDRA LOPEZ MORENO,23
adams_zulema,1,1.2658227848101267,Zulema Adams,"Tecate, BC","Alcaldesa de Tecate, Baja California.Tecatense de nacimiento y coraz√≥n, activista, emprendedora, comprometida con la 4ta Transformaci√≥n.",443,True ,MORENA,NACIONAL,OLGA ZULEMA ADAMS PEREYRA,50
rociocoronankm,1,1.2658227848101267,Rocio Corona Nakmura,"Guadalajara, M√©xico","Orgullosamente Tapat√≠a, esposa y madre de familia. Hay 3 cosas en la vida que se van y no regresan: las palabras, el tiempo y las oportunidades.",7032,True ,JUNTOS HACEMOS HISTORIA,JALISCO,MARIA DEL ROCIO CORONA NAKAMURA,57
barbdelgadouc,1,1.2658227848101267,B√°rbara Aylin Delgado,,"Quinta Regidora del H.Ayuntamiento de Solidaridad, Quintana Roo, M√©xico.Presidenta de la comisi√≥n edilicia de ecolog√≠a, ambiente y protecci√≥n animal y Turismo.",130,False ,MORENA,NACIONAL,BARBARA AYLIN DELGADO UC,25
lichugoleon,1,1.2658227848101267,Lic. Hugo Leon,,"Licenciado en Derecho, Director Cluster Gastro-Turistico de B.C.",125,False ,PARTIDO VERDE ECOLOGISTA DE M√âXICO,BAJA CALIFORNIA,HUGO LEON VALLE,42
juanpablobevi,1,1.2658227848101267,Juan Pablo,"Distrito Federal, M√©xico","Mexicano üá≤üáΩ Derecho ‚öñÔ∏è No esperemos ver un cambio, si nosotros mismos no estamos haciendo algo al respecto. üì≤ @juanpablobevi",767,False ,PARTIDO REVOLUCIONARIO INSTITUCIONAL,NACIONAL,JUAN PABLO BELTRAN VIGGIANO,24
pane28,1,1.2658227848101267,Pamela Medina,"Oaxaca de Ju√°rez, Oaxaca",,56,False ,PARTIDO DE LA REVOLUCI√ìN DEMOCR√ÅTICA,NACIONAL,DULCE PAMELA MEDINA GUTIERREZ,75
ciudadanochingn,1,1.2658227848101267,Isauro Ali,"Puebla, M√©xico.","ARTISTA CHING√ìN / Candidato a Diputado Federal Distrito 09 üß°üèÉ‚Äç‚ôÇÔ∏è, campe√≥n de barrios bax ü•ä ü•á üá≤üáΩ",211,True ,MOVIMIENTO CIUDADANO,PUEBLA,ISAURO ALI LOPEZ GUTIERREZ,35
jesusmariogarza,1,1.2658227848101267,Jes√∫s Mario Garza,,Candidato a Diputado Federal Distrito 8,144,True ,MOVIMIENTO CIUDADANO,NUEVO LE√ìN,JESUS MARIO GARZA GUEVARA,64
ordunohoracio,1,1.2658227848101267,Horacio Ordu√±o Morales,,soy abogado parlamentario,15,False ,MORENA,NACIONAL,HORACIO ORDU√ëO MORALES,63
diegoalanisa,1,1.2658227848101267,Diego Alanis,"Azcapotzalco, Distrito Federal",Politol√≥go FCPyS| Originario de Azcapotzalco.,1174,False ,MORENA,NACIONAL,DIEGO ALANIS AGUILAR,26
molanomx,1,1.2658227848101267,Carlos Molano,"Tuxtla Guti√©rrez, Chiapas",Presidente Municipal de Tuxtla Guti√©rrez. 2018,1723,True ,VA POR MEXICO,CHIAPAS,CARLOS MOLANO ROBLES,51
charlotteglz,1,1.2658227848101267,Charlotte Glz,"Ramos Arizpe, Coahuila de Zaragoza","Madre, Esposa, Orgullosa Coahuilense",424,True ,PARTIDO VERDE ECOLOGISTA DE M√âXICO,COAHUILA,MARTHA CHARLOTTE GONZALEZ MULLER,36
fertiscareno,1,1.2658227848101267,Fernando Tiscare√±o,"Chih, M√©x.",,1565,True ,JUNTOS HACEMOS HISTORIA,CHIHUAHUA,FERNANDO BEDEL TISCARE√ëO LUJAN,45
benjaminroblesm,1,1.2658227848101267,Benjam√≠n Robles,"Oaxaca, M√©xico",#QueNadieQuedeFuera de la cuarta transformaci√≥n de M√©xico. #SomosPT y #JuntosHacemosHistoria (55 48 80 17 33 celular),48159,True ,JUNTOS HACEMOS HISTORIA,OAXACA,ANGEL BENJAMIN ROBLES MONTOYA,61
mariaasencional,1,1.2658227848101267,Do√±a Mary,,Diputada Federal electa y luchadora social comprometida con las causas sociales de Tlajomulco.,127,True ,MOVIMIENTO CIUDADANO,JALISCO,MARIA ASENCION ALVAREZ SOLIS,70
pablogomez1968,1,1.2658227848101267,Pablo G√≥mez,"Coyoac√°n, Distrito Federal",Cr√≠tico del Estado y la sociedad. Diputado federal por el distrito 23 de Coyoac√°n. Miembro de Morena,37546,True ,JUNTOS HACEMOS HISTORIA,CIUDAD DE M√âXICO,PABLO GOMEZ ALVAREZ,74
blancaeppenc,1,1.2658227848101267,Blanca Eppen Canales,"Torre√≥n, Coahuila. M√©xico.","Diputada Local por el distrito X en @CongresoDeCoah, militante en @AccionNacional.",136,True ,PARTIDO ACCI√ìN NACIONAL,NACIONAL,BLANCA EPPEN CANALES,71
claunaval,1,1.2658227848101267,Claudia Nava S.,,"Mi pasi√≥n mi profesi√≥n,    Mi convicci√≥n la Educaci√≥n.",21,False ,REDES SOCIALES PROGRESISTAS,NACIONAL,CLAUDIA LUCIA NAVA SERRANO,51
laranadialuz,1,1.2658227848101267,Nadia Luz Lara,"Morelos, M√©xico","Juzgadora por esencia. Ex presidenta del TSJMorelos y ex candidata a Gobernadora. Apasionada de mi tierra, orgullosa de mis or√≠genes#UnaLuzParaMorelos",1544,True ,FUERZA POR M√âXICO,MORELOS,NADIA LUZ MARIA LARA CHAVEZ,54
erikaatello_,1,1.2658227848101267,Erika Tello,"Tulancingo de Bravo, Hidalgo",Estudi√© Ciencia Pol√≠tica en el ITAM y hago marketing digital ‚ö°Ô∏è,618,True ,MOVIMIENTO CIUDADANO,HIDALGO,ERIKA DEL CARMEN TELLO ARENAS,25
zairamontoyav,1,1.2658227848101267,Zaira Montoya,Estado Mexico,#ZairaMontoya,464,True ,VA POR MEXICO,M√âXICO,ZAIRA TAIDE MONTOYA VALENZUELA,35
juarezvero,1,1.2658227848101267,Ver√≥nica Ju√°rez Pi√±a,M√©xico,"Activista a favor de los derechos de todas y todos, en particular de ni√±as, ni√±os y adolescentes. Coordinadora del Gpo Parlamentario del PRD C√°mara de Diputados",23372,True ,VA POR MEXICO,JALISCO,VERONICA BEATRIZ JUAREZ PI√ëA,49
delamanoconvero,1,1.2658227848101267,Ver√≥nica P√©rez Rojas,"Villahermosa, Tabasco",Caminemos juntos bajo un nuevo Sol.,594,True ,VA POR MEXICO,TABASCO,VERONICA PEREZ ROJAS,52
abocat,1,1.2658227848101267,ARTURO CASTRO,"Atlatlahucan, Morelos",ABOGADO BMA. LIBERAL. CMA. ROTARIO. DEM√ìCRATA. INTERNACIONALISTA. LEGI√ìN HONOR. ROT√ÅRIO. PADRE DE 4 MARAVILLOSOS HIJOS.,2268,True ,PARTIDO DE LA REVOLUCI√ìN DEMOCR√ÅTICA,MORELOS,MANUEL ARTURO CASTRO MEDINA,66
hugo_murillor,1,1.2658227848101267,HugoMurillor,,"abogado, fil√°ntropo, aficionado a la lectura, comprometido con causas sociales",18,True ,PARTIDO VERDE ECOLOGISTA DE M√âXICO,M√âXICO,HUGO MURILLO RAMIREZ,42
soymauprieto,1,1.2658227848101267,Mauricio Prieto,"Charo, Michoac√°n de Ocampo","Michoacano, empresario, activista de izquierda, so√±ador e incansable buscador de la justicia social.",62,True ,VA POR MEXICO,MICHOAC√ÅN,MAURICIO PRIETO GOMEZ,47
paolagzzcas,1,1.2658227848101267,Paola Gonz√°lez,"Ju√°rez, Nuevo Le√≥n","legisladora, mam√°, feminista üíú  Diputada Federal de Nuevo Le√≥n  https://t.co/bqmxYXI6nV‚Ä¶",4949,True ,JUNTOS HACEMOS HISTORIA,NUEVO LE√ìN,SANDRA PAOLA GONZALEZ CASTA√ëEDA,42
hectorgaribaldi,1,1.2658227848101267,hector garibaldi,Chihuahua ,"Nacido en la ciudad de chihuahua, chih.Licenciado en Motricidad Humana por la Universidad Aut√≥noma de Chih.  Candidato a Diputado Federal 08 Distrito.",396,True ,REDES SOCIALES PROGRESISTAS,CHIHUAHUA,HECTOR JESUS GURROLA GARIBALDI,34
amimontejano,1,1.2658227848101267,Aminadab Montejano,"Zapopan, Jalisco.",Soy un luchador social convencido y mi vocaci√≥n es ser un factor de cambio a favor de quien m√°s lo necesita.,552,True ,JUNTOS HACEMOS HISTORIA,JALISCO,AMINADAB MONTEJANO CARMONA,44
dano_montoya,1,1.2658227848101267,üá≤üáΩDaniel Montoya.,"Coacalco de Berrioz√°bal, M√©xic","Creo que la vida es una obra de arte y cada quien hace su propia, √∫nica y original obra. #DamosMasJuntos",554,True ,REDES SOCIALES PROGRESISTAS,M√âXICO,DANIEL MONTOYA JAIMES,36
ropadillalizama,1,1.2658227848101267,Ro Padilla,Merida Yucatan,,234,False ,PARTIDO DEL TRABAJO,YUCAT√ÅN,ROCIO PADILLA LIZAMA,48
marisol_mejiad,1,1.2658227848101267,Marisol,Toluca,https://t.co/SWDksGD7GS,327,False ,FUERZA POR M√âXICO,M√âXICO,MARISOL MEJIA DIAZ,35
dansantosmx,1,1.2658227848101267,Dan Santos,"Monterrey, M√©xico","Comunicador, que no periodista.  Graduado en Ciencias Jur√≠dicas.  Pol√≠tica y DDHH con una pizca de memes y herej√≠as.",4660,True ,PARTIDO DE LA REVOLUCI√ìN DEMOCR√ÅTICA,NUEVO LE√ìN,DANIEL SANTOS RODRIGUEZ,43
soygabysegura,1,1.2658227848101267,Soy Gaby Segura,"Distrito Federal, M√©xico",,25,True ,FUERZA POR M√âXICO,CIUDAD DE M√âXICO,NIOBE GABRIELA SEGURA DE ALVARADO,34
eufrosinacruz,1,1.2658227848101267,Eufrosina Cruz,Oaxaca de Ju√°rez,"Ser agente de cambio a favor de los derechos de las comunidades de #Oaxaca y de M√©xico, promoviendo el desarrollo social sustentable.",17067,True ,PARTIDO REVOLUCIONARIO INSTITUCIONAL,NACIONAL,EUFROSINA CRUZ MENDOZA,42
enriquepastor,1,1.2658227848101267,Enrique Pastor,,,1555,True ,FUERZA POR M√âXICO,CAMPECHE,ENRIQUE PASTOR CRUZ CARRANZA,65
rosariomaciasmx,1,1.2658227848101267,Rosario Macias G,,"Diputada Federal Suplente ACCI√ìN NACIONAL, Lic. en Derecho, UNAM, Posgrado en IIJ, y la Universidad de Salamanca Defensora de la vida, familia y libertadesüíô",162,True ,PARTIDO ACCI√ìN NACIONAL,NACIONAL,MARIA DEL ROSARIO MACIAS GONZALEZ,46
eliaslixa,1,1.2658227848101267,El√≠as Lixa,"M√©rida, Yucat√°n","Meridano de 34, abogado, estudiante de doctorado y diputado federal por Yucat√°n. Coordino el debate en @diputadospan. Funciono con caf√©...",7178,False ,PARTIDO ACCI√ìN NACIONAL,NACIONAL,JOSE ELIAS LIXA ABIMERHI,34
iloyolavera,1,1.2658227848101267,Ignacio Loyola,"Quer√©taro, Quer√©taro Arteaga",Primer Gobernador Panista/ Quer√©taro üá≤üáΩ,5788,True ,PARTIDO ACCI√ìN NACIONAL,NACIONAL,IGNACIO LOYOLA VERA,66
monicaglzg,1,1.2658227848101267,M√≥nica Gonz√°lez G,"H. Matamoros, Tamaulipas","Candidata a Diputada Federal por el Distrito IV con cabecera en H. Matamoros, Tamaulipas.",3526,True ,PARTIDO ACCI√ìN NACIONAL,TAMAULIPAS,MONICA GONZALEZ GARCIA,52
cantumauricio,1,1.2658227848101267,Mauricio Cant√∫ Gonz√°lez,,Licenciado en Derecho | Maestro en Seguridad Nacional | Maestro en Derecho | Profesor en la UNAM | Servidor de la Patria | Amante de la mexicanidad üá≤üáΩ,1128,False ,MORENA,NACIONAL,MAURICIO CANTU GONZALEZ,33
marianagc,1,1.2658227848101267,Mariana G√≥mez del Campo,M√©xico,"Creo en la pol√≠tica como medio para transformar positivamente la realidad de las personas. Amo el cine, el box y la bici. M&M @50mas1CDMX üíú",168329,False ,PARTIDO ACCI√ìN NACIONAL,NACIONAL,MARIANA GOMEZ DEL CAMPO GURZA,33
anameneredes,1,1.2658227848101267,Ana Meneses,,ANA MENESES ‚Äì CANDIDATA A DIPUTADA FEDERAL POR EL DISTRITO 1.,5,False ,MOVIMIENTO CIUDADANO,QUER√âTARO,ANA MARIA MENESES LOPEZ,45
sofiacastrog,1,1.2658227848101267,Sof√≠a Castro Guerrero,CDMX,"#MorraChilanga | MA Power, Participation & Social Change @ids_uk | @RedPolitologas | Sororidad como alternativa pol√≠tica üíú",2681,True ,MOVIMIENTO CIUDADANO,CIUDAD DE M√âXICO,SOFIA CASTRO GUERRERO,31
estheruribes1,1,1.2658227848101267,EstherUribeSoria,Miguel Hidalgo,"üá≤üáΩ ‚ù§Ô∏è Abogada, amante del deporte y la tecnolog√≠a.",72,False ,REDES SOCIALES PROGRESISTAS,CIUDAD DE M√âXICO,ESTHER URIBE SORIA,26
mona_atp,1,1.2658227848101267,Ramoncita Ramirez Mac Grew,San Luis Rio Colorado Sonora,"Dir. Prim. Luis G Cano L√≠der Social, Guerrera incansable en favor de los y las ciudadanos, cord. Red de Mujeres en contra de la violencia Mi placer es servir",181,True ,MOVIMIENTO CIUDADANO,SONORA,RAMONA RAMIREZ MAC GREW,49
alexcaminomx,1,1.2658227848101267,"Alejandro ""Alex"" Camino",,Candidato a Diputado Federal por el Distrito 40. Comprometido con la 4T de M√©xico. #ElCaminoDeLaEsperanza,53,True ,MORENA,M√âXICO,ALEJANDRO CAMINO CALIXTO,39
jhoniortega,1,1.2658227848101267,Jonathan Ortega,"Nayarit, M√©xico",,94,False ,PARTIDO ACCI√ìN NACIONAL,NACIONAL,JONATHAN ORTEGA PATRON,21
villarrealric,1,1.2658227848101267,Ricardo Villarreal G,San Miguel Allende,"Abogado ELD, Diputado Federal Presidente de la Comisi√≥n de Federalismo y Desarrollo Municipal .",6019,True ,PARTIDO ACCI√ìN NACIONAL,GUANAJUATO,RICARDO VILLARREAL GARCIA,40
gabrielabarquet,1,1.2658227848101267,Gabriela Barquet J,"Quintana Roo, M√©xico","Con car√°cter por convicci√≥n, decidida, positiva, trabajadora por inclinaci√≥n; adoro sonreir ante la vida, siempre inicio por mi. Pasi√≥n: politica y emprender.",2679,True ,FUERZA POR M√âXICO,QUINTANA ROO,GABRIELA ANDREA BARQUET JUAREZ,36
liliaaguilarmx,1,1.2658227848101267,Lilia Aguilar Gil,M√©xico,"Diputada Federal Electa por el Distrito 03 en Ciudad Ju√°rez üë©üèª‚ÄçüíºSoy una mujer de opini√≥n, progresista impasible e hiperactiva #GraciasPorVotarPT",2815,True ,JUNTOS HACEMOS HISTORIA,CHIHUAHUA,LILIA AGUILAR GIL,43
handal_c,1,1.2658227848101267,Javier Antonio Handal C,"Coahuila de Zaragoza, M√©xico",Estudiante de derecho. (UANL)   Pol√≠tico joven comprometido con el cambio en la forma de hacer pol√≠tica en el pa√≠s üá≤üáΩ,147,True ,MOVIMIENTO CIUDADANO,COAHUILA,JAVIER ANTONIO HANDAL CASTILLO,21
javierboficial,1,1.2658227848101267,Javier Borrego,"Francisco I. Madero, Coahuila","Nacido en Francisco I. Madero Coahuila, empresario transportista, hijo de padres campesinos.",1092,True ,JUNTOS HACEMOS HISTORIA,COAHUILA,FRANCISCO JAVIER BORREGO ADAME,66
diana_larac,1,1.2658227848101267,Diana Lara,Mexico,"Diputada Federal electa por el Distrito 6 de la CDMX. Comunic√≥loga, consejera regional del @PAN_CDMX. Columnista en @Central_CM üìû5626194587. #LaVidaEsHoy.",2459,True ,VA POR MEXICO,CIUDAD DE M√âXICO,DIANA MARIA TERESA LARA CARREON,36
clauddelgadillo,1,1.2658227848101267,Claudia Delgadillo,"Guadalajara, Jalisco","Orgullosa tapat√≠a, madre, abogada con m√°s de 20 a√±os de carrera pol√≠tica.",13756,True ,JUNTOS HACEMOS HISTORIA,JALISCO,CLAUDIA DELGADILLO GONZALEZ,48
danielrivasv1,1,1.2658227848101267,Daniel Rivas V,M√©xico,"Financiero Itesiano, buena m√∫sica y temas econ√≥micos y pol√≠ticos de nuestro entorno. Si no arriesgas no ganas.",316,True ,MOVIMIENTO CIUDADANO,NACIONAL,DANIEL RIVAS VALDIVIA,31
alainelopezb,1,1.2658227848101267,Alaine L√≥pez Brice√±o,"M√©rida, Yucat√°n","üß° Yucateca, ciudadana y mam√° de Patricio üçä Candidata Diputada III Federal en Yucat√°n",7948,True ,MOVIMIENTO CIUDADANO,YUCAT√ÅN,ALAINE PATRICIA LOPEZ BRICE√ëO,34
wencesrealpt,1,1.2658227848101267,Victoriano Wences,"Tlapa de Comonfort, Guerrero.","Ex Pdte. Mpal. de Tlapa de Comonfort, Guerrero, Comisionado Pol√≠tico Nacional #PT #Guerrero. Ex Dip Federal y Local. Partido del Trabajo. Mtro. Administraci√≥n.",741,False ,JUNTOS HACEMOS HISTORIA,GUERRERO,VICTORIANO WENCES REAL,47
alitomorenoc,1,1.2658227848101267,Alejandro Moreno,Campeche,"Presidente del @PRI_Nacional y de la @COPPPAL_Oficial. Mexicano orgulloso de su patria y de su tierra, priista de toda la vida.",125967,True ,PARTIDO REVOLUCIONARIO INSTITUCIONAL,NACIONAL,RAFAEL ALEJANDRO MORENO CARDENAS,46
chepi_org,1,1.2658227848101267,Azael Santiago Chepi,"Oaxaca, M√©xico","Soy un hombre originario de la Sierra Norte de OaxacaüèîÔ∏èüóª, Diputado üë®üèæ‚Äçüè´ del Distrito Federal 04, con cabecera en Tlacolula de Matamoros.üôã‚Äç‚ôÇÔ∏è",4308,True ,JUNTOS HACEMOS HISTORIA,OAXACA,AZAEL SANTIAGO CHEPI,43
peregrin_nacho,1,1.2658227848101267,NACHO PEREGRIN,Benito Ju√°rez,FB: Nacho Peregrin IG: Nacho Peregrin,1605,True ,JUNTOS HACEMOS HISTORIA,CIUDAD DE M√âXICO,IGNACIO PEREGRIN SCHULL,24
